user_id,item_id,rank
U0001,I0145,1
U0001,I0046,2
U0001,I0064,3
U0001,I0141,4
U0001,I0024,5
U0001,I0161,6
U0001,I0012,7
U0001,I0169,8
U0001,I0040,9
U0001,I0030,10
U0002,I0133,1
U0002,I0157,2
U0002,I0033,3
U0002,I0018,4
U0002,I0041,5
U0002,I0120,6
U0002,I0172,7
U0002,I0171,8
U0002,I0001,9
U0002,I0083,10
U0003,I0005,1
U0003,I0076,2
U0003,I0031,3
U0003,I0030,4
U0003,I0091,5
U0003,I0114,6
U0003,I0073,7
U0003,I0165,8
U0003,I0070,9
U0003,I0004,10
U0004,I0177,1
U0004,I0175,2
U0004,I0110,3
U0004,I0013,4
U0004,I0080,5
U0004,I0059,6
U0004,I0122,7
U0004,I0015,8
U0004,I0174,9
U0004,I0043,10
U0005,I0054,1
U0005,I0076,2
U0005,I0073,3
U0005,I0155,4
U0005,I0109,5
U0005,I0140,6
U0005,I0005,7
U0005,I0030,8
U0005,I0091,9
U0005,I0176,10
U0006,I0140,1
U0006,I0176,2
U0006,I0004,3
U0006,I0091,4
U0006,I0054,5
U0006,I0047,6
U0006,I0076,7
U0006,I0114,8
U0006,I0031,9
U0006,I0020,10
U0007,I0100,1
U0007,I0010,2
U0007,I0171,3
U0007,I0033,4
U0007,I0007,5
U0007,I0133,6
U0007,I0018,7
U0007,I0041,8
U0007,I0074,9
U0007,I0001,10
U0008,I0063,1
U0008,I0094,2
U0008,I0144,3
U0008,I0027,4
U0008,I0169,5
U0008,I0065,6
U0008,I0022,7
U0008,I0068,8
U0008,I0053,9
U0008,I0044,10
U0009,I0052,1
U0009,I0142,2
U0009,I0078,3
U0009,I0119,4
U0009,I0032,5
U0009,I0148,6
U0009,I0166,7
U0009,I0179,8
U0009,I0118,9
U0009,I0060,10
U0010,I0088,1
U0010,I0066,2
U0010,I0111,3
U0010,I0152,4
U0010,I0167,5
U0010,I0077,6
U0010,I0039,7
U0010,I0090,8
U0010,I0143,9
U0010,I0154,10
U0011,I0059,1
U0011,I0110,2
U0011,I0043,3
U0011,I0015,4
U0011,I0086,5
U0011,I0062,6
U0011,I0049,7
U0011,I0008,8
U0011,I0122,9
U0011,I0175,10
U0012,I0156,1
U0012,I0003,2
U0012,I0123,3
U0012,I0162,4
U0012,I0130,5
U0012,I0026,6
U0012,I0099,7
U0012,I0108,8
U0012,I0085,9
U0012,I0105,10
U0013,I0137,1
U0013,I0156,2
U0013,I0085,3
U0013,I0026,4
U0013,I0105,5
U0013,I0060,6
U0013,I0016,7
U0013,I0109,8
U0013,I0097,9
U0013,I0065,10
U0014,I0063,1
U0014,I0164,2
U0014,I0044,3
U0014,I0065,4
U0014,I0169,5
U0014,I0094,6
U0014,I0022,7
U0014,I0144,8
U0014,I0002,9
U0014,I0092,10
U0015,I0141,1
U0015,I0012,2
U0015,I0061,3
U0015,I0145,4
U0015,I0064,5
U0015,I0153,6
U0015,I0039,7
U0015,I0060,8
U0015,I0077,9
U0015,I0177,10
U0016,I0100,1
U0016,I0018,2
U0016,I0041,3
U0016,I0157,4
U0016,I0033,5
U0016,I0001,6
U0016,I0120,7
U0016,I0118,8
U0016,I0171,9
U0016,I0172,10
U0017,I0094,1
U0017,I0044,2
U0017,I0065,3
U0017,I0022,4
U0017,I0063,5
U0017,I0027,6
U0017,I0144,7
U0017,I0164,8
U0017,I0139,9
U0017,I0169,10
U0018,I0010,1
U0018,I0172,2
U0018,I0157,3
U0018,I0133,4
U0018,I0033,5
U0018,I0074,6
U0018,I0007,7
U0018,I0178,8
U0018,I0118,9
U0018,I0083,10
U0019,I0094,1
U0019,I0144,2
U0019,I0063,3
U0019,I0027,4
U0019,I0053,5
U0019,I0044,6
U0019,I0139,7
U0019,I0163,8
U0019,I0022,9
U0019,I0164,10
U0020,I0012,1
U0020,I0153,2
U0020,I0061,3
U0020,I0081,4
U0020,I0077,5
U0020,I0039,6
U0020,I0154,7
U0020,I0092,8
U0020,I0050,9
U0020,I0052,10
U0021,I0163,1
U0021,I0065,2
U0021,I0094,3
U0021,I0027,4
U0021,I0139,5
U0021,I0144,6
U0021,I0022,7
U0021,I0169,8
U0021,I0044,9
U0021,I0053,10
U0022,I0095,1
U0022,I0146,2
U0022,I0179,3
U0022,I0035,4
U0022,I0067,5
U0022,I0048,6
U0022,I0091,7
U0022,I0159,8
U0022,I0079,9
U0022,I0005,10
U0023,I0076,1
U0023,I0073,2
U0023,I0114,3
U0023,I0155,4
U0023,I0070,5
U0023,I0054,6
U0023,I0030,7
U0023,I0047,8
U0023,I0020,9
U0023,I0005,10
U0024,I0175,1
U0024,I0059,2
U0024,I0110,3
U0024,I0177,4
U0024,I0043,5
U0024,I0015,6
U0024,I0049,7
U0024,I0122,8
U0024,I0060,9
U0024,I0008,10
U0025,I0124,1
U0025,I0114,2
U0025,I0076,3
U0025,I0073,4
U0025,I0047,5
U0025,I0004,6
U0025,I0091,7
U0025,I0055,8
U0025,I0155,9
U0025,I0176,10
U0026,I0088,1
U0026,I0039,2
U0026,I0111,3
U0026,I0077,4
U0026,I0154,5
U0026,I0096,6
U0026,I0090,7
U0026,I0028,8
U0026,I0060,9
U0026,I0141,10
U0027,I0084,1
U0027,I0028,2
U0027,I0090,3
U0027,I0105,4
U0027,I0089,5
U0027,I0016,6
U0027,I0107,7
U0027,I0092,8
U0027,I0050,9
U0027,I0160,10
U0028,I0024,1
U0028,I0153,2
U0028,I0046,3
U0028,I0061,4
U0028,I0145,5
U0028,I0012,6
U0028,I0081,7
U0028,I0040,8
U0028,I0090,9
U0028,I0070,10
U0029,I0077,1
U0029,I0039,2
U0029,I0066,3
U0029,I0028,4
U0029,I0111,5
U0029,I0088,6
U0029,I0143,7
U0029,I0060,8
U0029,I0152,9
U0029,I0154,10
U0030,I0084,1
U0030,I0028,2
U0030,I0089,3
U0030,I0025,4
U0030,I0016,5
U0030,I0106,6
U0030,I0071,7
U0030,I0173,8
U0030,I0103,9
U0030,I0160,10
U0031,I0096,1
U0031,I0136,2
U0031,I0088,3
U0031,I0152,4
U0031,I0028,5
U0031,I0120,6
U0031,I0141,7
U0031,I0168,8
U0031,I0060,9
U0031,I0160,10
U0032,I0059,1
U0032,I0080,2
U0032,I0049,3
U0032,I0062,4
U0032,I0060,5
U0032,I0075,6
U0032,I0043,7
U0032,I0177,8
U0032,I0175,9
U0032,I0110,10
U0033,I0166,1
U0033,I0160,2
U0033,I0016,3
U0033,I0135,4
U0033,I0101,5
U0033,I0092,6
U0033,I0071,7
U0033,I0107,8
U0033,I0105,9
U0033,I0084,10
U0034,I0073,1
U0034,I0165,2
U0034,I0114,3
U0034,I0047,4
U0034,I0140,5
U0034,I0109,6
U0034,I0124,7
U0034,I0031,8
U0034,I0020,9
U0034,I0005,10
U0035,I0015,1
U0035,I0059,2
U0035,I0080,3
U0035,I0098,4
U0035,I0049,5
U0035,I0062,6
U0035,I0060,7
U0035,I0043,8
U0035,I0075,9
U0035,I0177,10
U0036,I0066,1
U0036,I0028,2
U0036,I0077,3
U0036,I0060,4
U0036,I0143,5
U0036,I0096,6
U0036,I0111,7
U0036,I0039,8
U0036,I0174,9
U0036,I0088,10
U0037,I0138,1
U0037,I0036,2
U0037,I0117,3
U0037,I0147,4
U0037,I0150,5
U0037,I0104,6
U0037,I0120,7
U0037,I0045,8
U0037,I0048,9
U0037,I0028,10
U0038,I0010,1
U0038,I0018,2
U0038,I0033,3
U0038,I0001,4
U0038,I0100,5
U0038,I0172,6
U0038,I0171,7
U0038,I0083,8
U0038,I0087,9
U0038,I0120,10
U0039,I0055,1
U0039,I0114,2
U0039,I0124,3
U0039,I0073,4
U0039,I0076,5
U0039,I0004,6
U0039,I0121,7
U0039,I0030,8
U0039,I0155,9
U0039,I0091,10
U0040,I0019,1
U0040,I0151,2
U0040,I0095,3
U0040,I0125,4
U0040,I0037,5
U0040,I0006,6
U0040,I0035,7
U0040,I0048,8
U0040,I0011,9
U0040,I0177,10
U0041,I0018,1
U0041,I0133,2
U0041,I0172,3
U0041,I0010,4
U0041,I0171,5
U0041,I0120,6
U0041,I0157,7
U0041,I0033,8
U0041,I0058,9
U0041,I0100,10
U0042,I0121,1
U0042,I0124,2
U0042,I0073,3
U0042,I0176,4
U0042,I0076,5
U0042,I0020,6
U0042,I0005,7
U0042,I0140,8
U0042,I0114,9
U0042,I0030,10
U0043,I0110,1
U0043,I0174,2
U0043,I0177,3
U0043,I0013,4
U0043,I0043,5
U0043,I0059,6
U0043,I0080,7
U0043,I0075,8
U0043,I0060,9
U0043,I0015,10
U0044,I0148,1
U0044,I0072,2
U0044,I0023,3
U0044,I0009,4
U0044,I0097,5
U0044,I0119,6
U0044,I0142,7
U0044,I0052,8
U0044,I0060,9
U0044,I0032,10
U0045,I0110,1
U0045,I0080,2
U0045,I0059,3
U0045,I0013,4
U0045,I0174,5
U0045,I0075,6
U0045,I0043,7
U0045,I0122,8
U0045,I0015,9
U0045,I0062,10
U0046,I0088,1
U0046,I0096,2
U0046,I0039,3
U0046,I0136,4
U0046,I0143,5
U0046,I0167,6
U0046,I0152,7
U0046,I0091,8
U0046,I0064,9
U0046,I0024,10
U0047,I0173,1
U0047,I0051,2
U0047,I0089,3
U0047,I0084,4
U0047,I0101,5
U0047,I0071,6
U0047,I0042,7
U0047,I0105,8
U0047,I0016,9
U0047,I0135,10
U0048,I0113,1
U0048,I0180,2
U0048,I0126,3
U0048,I0158,4
U0048,I0057,5
U0048,I0011,6
U0048,I0079,7
U0048,I0132,8
U0048,I0021,9
U0048,I0034,10
U0049,I0057,1
U0049,I0034,2
U0049,I0029,3
U0049,I0158,4
U0049,I0017,5
U0049,I0011,6
U0049,I0180,7
U0049,I0129,8
U0049,I0113,9
U0049,I0159,10
U0050,I0102,1
U0050,I0032,2
U0050,I0052,3
U0050,I0097,4
U0050,I0060,5
U0050,I0023,6
U0050,I0072,7
U0050,I0168,8
U0050,I0142,9
U0050,I0059,10
U0051,I0176,1
U0051,I0055,2
U0051,I0054,3
U0051,I0047,4
U0051,I0020,5
U0051,I0121,6
U0051,I0005,7
U0051,I0155,8
U0051,I0109,9
U0051,I0076,10
U0052,I0179,1
U0052,I0019,2
U0052,I0037,3
U0052,I0035,4
U0052,I0093,5
U0052,I0067,6
U0052,I0022,7
U0052,I0150,8
U0052,I0172,9
U0052,I0018,10
U0053,I0056,1
U0053,I0069,2
U0053,I0045,3
U0053,I0170,4
U0053,I0036,5
U0053,I0147,6
U0053,I0059,7
U0053,I0127,8
U0053,I0104,9
U0053,I0080,10
U0054,I0107,1
U0054,I0173,2
U0054,I0051,3
U0054,I0050,4
U0054,I0042,5
U0054,I0028,6
U0054,I0089,7
U0054,I0101,8
U0054,I0084,9
U0054,I0038,10
U0055,I0020,1
U0055,I0054,2
U0055,I0091,3
U0055,I0070,4
U0055,I0073,5
U0055,I0005,6
U0055,I0114,7
U0055,I0140,8
U0055,I0004,9
U0055,I0076,10
U0056,I0110,1
U0056,I0174,2
U0056,I0086,3
U0056,I0175,4
U0056,I0080,5
U0056,I0122,6
U0056,I0059,7
U0056,I0177,8
U0056,I0015,9
U0056,I0060,10
U0057,I0123,1
U0057,I0162,2
U0057,I0099,3
U0057,I0003,4
U0057,I0130,5
U0057,I0026,6
U0057,I0156,7
U0057,I0060,8
U0057,I0097,9
U0057,I0085,10
U0058,I0114,1
U0058,I0004,2
U0058,I0155,3
U0058,I0073,4
U0058,I0054,5
U0058,I0082,6
U0058,I0020,7
U0058,I0109,8
U0058,I0047,9
U0058,I0121,10
U0059,I0039,1
U0059,I0088,2
U0059,I0077,3
U0059,I0066,4
U0059,I0111,5
U0059,I0107,6
U0059,I0167,7
U0059,I0173,8
U0059,I0154,9
U0059,I0028,10
U0060,I0162,1
U0060,I0137,2
U0060,I0123,3
U0060,I0099,4
U0060,I0105,5
U0060,I0003,6
U0060,I0085,7
U0060,I0026,8
U0060,I0151,9
U0060,I0109,10
U0061,I0087,1
U0061,I0033,2
U0061,I0010,3
U0061,I0100,4
U0061,I0133,5
U0061,I0041,6
U0061,I0157,7
U0061,I0001,8
U0061,I0178,9
U0061,I0118,10
U0062,I0099,1
U0062,I0137,2
U0062,I0162,3
U0062,I0108,4
U0062,I0130,5
U0062,I0085,6
U0062,I0156,7
U0062,I0060,8
U0062,I0059,9
U0062,I0002,10
U0063,I0100,1
U0063,I0033,2
U0063,I0010,3
U0063,I0133,4
U0063,I0118,5
U0063,I0172,6
U0063,I0018,7
U0063,I0041,8
U0063,I0157,9
U0063,I0007,10
U0064,I0099,1
U0064,I0137,2
U0064,I0003,3
U0064,I0108,4
U0064,I0085,5
U0064,I0156,6
U0064,I0040,7
U0064,I0026,8
U0064,I0016,9
U0064,I0060,10
U0065,I0099,1
U0065,I0123,2
U0065,I0003,3
U0065,I0156,4
U0065,I0040,5
U0065,I0026,6
U0065,I0016,7
U0065,I0092,8
U0065,I0093,9
U0065,I0060,10
U0066,I0018,1
U0066,I0172,2
U0066,I0087,3
U0066,I0041,4
U0066,I0010,5
U0066,I0157,6
U0066,I0120,7
U0066,I0058,8
U0066,I0100,9
U0066,I0083,10
U0067,I0025,1
U0067,I0092,2
U0067,I0101,3
U0067,I0028,4
U0067,I0089,5
U0067,I0016,6
U0067,I0112,7
U0067,I0090,8
U0067,I0135,9
U0067,I0042,10
U0068,I0094,1
U0068,I0053,2
U0068,I0063,3
U0068,I0065,4
U0068,I0164,5
U0068,I0044,6
U0068,I0027,7
U0068,I0139,8
U0068,I0022,9
U0068,I0068,10
U0069,I0166,1
U0069,I0084,2
U0069,I0028,3
U0069,I0105,4
U0069,I0135,5
U0069,I0101,6
U0069,I0090,7
U0069,I0107,8
U0069,I0128,9
U0069,I0112,10
U0070,I0069,1
U0070,I0150,2
U0070,I0127,3
U0070,I0104,4
U0070,I0138,5
U0070,I0056,6
U0070,I0170,7
U0070,I0036,8
U0070,I0045,9
U0070,I0147,10
U0071,I0102,1
U0071,I0097,2
U0071,I0052,3
U0071,I0142,4
U0071,I0168,5
U0071,I0060,6
U0071,I0030,7
U0071,I0171,8
U0071,I0160,9
U0071,I0022,10
U0072,I0124,1
U0072,I0076,2
U0072,I0140,3
U0072,I0165,4
U0072,I0054,5
U0072,I0020,6
U0072,I0030,7
U0072,I0005,8
U0072,I0121,9
U0072,I0070,10
U0073,I0097,1
U0073,I0102,2
U0073,I0052,3
U0073,I0142,4
U0073,I0148,5
U0073,I0168,6
U0073,I0078,7
U0073,I0119,8
U0073,I0022,9
U0073,I0030,10
U0074,I0039,1
U0074,I0077,2
U0074,I0088,3
U0074,I0152,4
U0074,I0154,5
U0074,I0096,6
U0074,I0028,7
U0074,I0103,8
U0074,I0043,9
U0074,I0054,10
U0075,I0099,1
U0075,I0137,2
U0075,I0123,3
U0075,I0162,4
U0075,I0040,5
U0075,I0003,6
U0075,I0026,7
U0075,I0105,8
U0075,I0108,9
U0075,I0120,10
U0076,I0171,1
U0076,I0018,2
U0076,I0087,3
U0076,I0157,4
U0076,I0010,5
U0076,I0041,6
U0076,I0133,7
U0076,I0100,8
U0076,I0074,9
U0076,I0120,10
U0077,I0059,1
U0077,I0177,2
U0077,I0043,3
U0077,I0060,4
U0077,I0015,5
U0077,I0062,6
U0077,I0049,7
U0077,I0008,8
U0077,I0098,9
U0077,I0040,10
U0078,I0120,1
U0078,I0010,2
U0078,I0100,3
U0078,I0018,4
U0078,I0172,5
U0078,I0087,6
U0078,I0133,7
U0078,I0157,8
U0078,I0041,9
U0078,I0118,10
U0079,I0078,1
U0079,I0097,2
U0079,I0052,3
U0079,I0072,4
U0079,I0023,5
U0079,I0119,6
U0079,I0060,7
U0079,I0094,8
U0079,I0065,9
U0079,I0144,10
U0080,I0162,1
U0080,I0123,2
U0080,I0003,3
U0080,I0099,4
U0080,I0130,5
U0080,I0108,6
U0080,I0085,7
U0080,I0105,8
U0080,I0109,9
U0080,I0107,10
U0081,I0149,1
U0081,I0050,2
U0081,I0028,3
U0081,I0105,4
U0081,I0084,5
U0081,I0166,6
U0081,I0112,7
U0081,I0051,8
U0081,I0103,9
U0081,I0025,10
U0082,I0148,1
U0082,I0102,2
U0082,I0052,3
U0082,I0078,4
U0082,I0072,5
U0082,I0023,6
U0082,I0168,7
U0082,I0119,8
U0082,I0142,9
U0082,I0060,10
U0083,I0077,1
U0083,I0039,2
U0083,I0066,3
U0083,I0152,4
U0083,I0111,5
U0083,I0136,6
U0083,I0141,7
U0083,I0167,8
U0083,I0177,9
U0083,I0091,10
U0084,I0141,1
U0084,I0064,2
U0084,I0153,3
U0084,I0161,4
U0084,I0096,5
U0084,I0092,6
U0084,I0025,7
U0084,I0077,8
U0084,I0039,9
U0084,I0098,10
U0085,I0046,1
U0085,I0024,2
U0085,I0012,3
U0085,I0061,4
U0085,I0153,5
U0085,I0161,6
U0085,I0145,7
U0085,I0064,8
U0085,I0060,9
U0085,I0096,10
U0086,I0113,1
U0086,I0116,2
U0086,I0057,3
U0086,I0134,4
U0086,I0180,5
U0086,I0029,6
U0086,I0079,7
U0086,I0115,8
U0086,I0034,9
U0086,I0129,10
U0087,I0155,1
U0087,I0030,2
U0087,I0109,3
U0087,I0020,4
U0087,I0073,5
U0087,I0124,6
U0087,I0114,7
U0087,I0176,8
U0087,I0031,9
U0087,I0005,10
U0088,I0094,1
U0088,I0164,2
U0088,I0163,3
U0088,I0027,4
U0088,I0022,5
U0088,I0139,6
U0088,I0068,7
U0088,I0065,8
U0088,I0144,9
U0088,I0002,10
U0089,I0123,1
U0089,I0003,2
U0089,I0099,3
U0089,I0040,4
U0089,I0156,5
U0089,I0130,6
U0089,I0085,7
U0089,I0060,8
U0089,I0097,9
U0089,I0091,10
U0090,I0162,1
U0090,I0040,2
U0090,I0026,3
U0090,I0060,4
U0090,I0059,5
U0090,I0016,6
U0090,I0105,7
U0090,I0015,8
U0090,I0109,9
U0090,I0177,10
U0091,I0088,1
U0091,I0066,2
U0091,I0077,3
U0091,I0152,4
U0091,I0039,5
U0091,I0167,6
U0091,I0143,7
U0091,I0164,8
U0091,I0169,9
U0091,I0096,10
U0092,I0147,1
U0092,I0060,2
U0092,I0127,3
U0092,I0028,4
U0092,I0080,5
U0092,I0102,6
U0092,I0096,7
U0092,I0066,8
U0092,I0059,9
U0092,I0158,10
U0093,I0171,1
U0093,I0087,2
U0093,I0172,3
U0093,I0041,4
U0093,I0010,5
U0093,I0100,6
U0093,I0074,7
U0093,I0120,8
U0093,I0007,9
U0093,I0033,10
U0094,I0012,1
U0094,I0064,2
U0094,I0141,3
U0094,I0024,4
U0094,I0081,5
U0094,I0096,6
U0094,I0027,7
U0094,I0030,8
U0094,I0169,9
U0094,I0136,10
U0095,I0054,1
U0095,I0020,2
U0095,I0091,3
U0095,I0109,4
U0095,I0121,5
U0095,I0005,6
U0095,I0047,7
U0095,I0073,8
U0095,I0140,9
U0095,I0076,10
U0096,I0176,1
U0096,I0054,2
U0096,I0005,3
U0096,I0047,4
U0096,I0004,5
U0096,I0165,6
U0096,I0030,7
U0096,I0155,8
U0096,I0109,9
U0096,I0124,10
U0097,I0114,1
U0097,I0055,2
U0097,I0165,3
U0097,I0140,4
U0097,I0031,5
U0097,I0047,6
U0097,I0030,7
U0097,I0020,8
U0097,I0109,9
U0097,I0155,10
U0098,I0107,1
U0098,I0050,2
U0098,I0103,3
U0098,I0089,4
U0098,I0042,5
U0098,I0084,6
U0098,I0051,7
U0098,I0028,8
U0098,I0128,9
U0098,I0002,10
U0099,I0138,1
U0099,I0069,2
U0099,I0045,3
U0099,I0147,4
U0099,I0127,5
U0099,I0117,6
U0099,I0036,7
U0099,I0056,8
U0099,I0060,9
U0099,I0150,10
U0100,I0127,1
U0100,I0069,2
U0100,I0104,3
U0100,I0170,4
U0100,I0045,5
U0100,I0150,6
U0100,I0117,7
U0100,I0040,8
U0100,I0138,9
U0100,I0056,10
U0101,I0088,1
U0101,I0077,2
U0101,I0039,3
U0101,I0143,4
U0101,I0152,5
U0101,I0096,6
U0101,I0003,7
U0101,I0028,8
U0101,I0040,9
U0101,I0141,10
U0102,I0114,1
U0102,I0073,2
U0102,I0047,3
U0102,I0055,4
U0102,I0020,5
U0102,I0076,6
U0102,I0140,7
U0102,I0091,8
U0102,I0005,9
U0102,I0031,10
U0103,I0059,1
U0103,I0015,2
U0103,I0075,3
U0103,I0080,4
U0103,I0175,5
U0103,I0060,6
U0103,I0062,7
U0103,I0110,8
U0103,I0086,9
U0103,I0177,10
U0104,I0140,1
U0104,I0076,2
U0104,I0165,3
U0104,I0020,4
U0104,I0109,5
U0104,I0054,6
U0104,I0073,7
U0104,I0047,8
U0104,I0031,9
U0104,I0005,10
U0105,I0020,1
U0105,I0073,2
U0105,I0054,3
U0105,I0004,4
U0105,I0091,5
U0105,I0140,6
U0105,I0176,7
U0105,I0030,8
U0105,I0076,9
U0105,I0055,10
U0106,I0145,1
U0106,I0161,2
U0106,I0081,3
U0106,I0096,4
U0106,I0092,5
U0106,I0025,6
U0106,I0015,7
U0106,I0060,8
U0106,I0054,9
U0106,I0090,10
U0107,I0010,1
U0107,I0133,2
U0107,I0157,3
U0107,I0018,4
U0107,I0033,5
U0107,I0074,6
U0107,I0041,7
U0107,I0120,8
U0107,I0172,9
U0107,I0087,10
U0108,I0158,1
U0108,I0180,2
U0108,I0011,3
U0108,I0057,4
U0108,I0126,5
U0108,I0129,6
U0108,I0021,7
U0108,I0029,8
U0108,I0116,9
U0108,I0034,10
U0109,I0034,1
U0109,I0079,2
U0109,I0158,3
U0109,I0126,4
U0109,I0180,5
U0109,I0011,6
U0109,I0113,7
U0109,I0159,8
U0109,I0115,9
U0109,I0132,10
U0110,I0004,1
U0110,I0114,2
U0110,I0076,3
U0110,I0030,4
U0110,I0005,5
U0110,I0121,6
U0110,I0054,7
U0110,I0109,8
U0110,I0155,9
U0110,I0020,10
U0111,I0173,1
U0111,I0016,2
U0111,I0025,3
U0111,I0038,4
U0111,I0160,5
U0111,I0071,6
U0111,I0103,7
U0111,I0135,8
U0111,I0051,9
U0111,I0092,10
U0112,I0077,1
U0112,I0066,2
U0112,I0111,3
U0112,I0096,4
U0112,I0154,5
U0112,I0090,6
U0112,I0167,7
U0112,I0107,8
U0112,I0143,9
U0112,I0177,10
U0113,I0145,1
U0113,I0161,2
U0113,I0061,3
U0113,I0153,4
U0113,I0081,5
U0113,I0096,6
U0113,I0154,7
U0113,I0025,8
U0113,I0106,9
U0113,I0090,10
U0114,I0039,1
U0114,I0077,2
U0114,I0088,3
U0114,I0154,4
U0114,I0177,5
U0114,I0152,6
U0114,I0111,7
U0114,I0167,8
U0114,I0066,9
U0114,I0012,10
U0115,I0115,1
U0115,I0057,2
U0115,I0134,3
U0115,I0159,4
U0115,I0180,5
U0115,I0021,6
U0115,I0079,7
U0115,I0116,8
U0115,I0113,9
U0115,I0158,10
U0116,I0057,1
U0116,I0017,2
U0116,I0126,3
U0116,I0116,4
U0116,I0034,5
U0116,I0180,6
U0116,I0158,7
U0116,I0134,8
U0116,I0021,9
U0116,I0113,10
U0117,I0151,1
U0117,I0146,2
U0117,I0179,3
U0117,I0006,4
U0117,I0125,5
U0117,I0093,6
U0117,I0037,7
U0117,I0067,8
U0117,I0035,9
U0117,I0048,10
U0118,I0005,1
U0118,I0054,2
U0118,I0030,3
U0118,I0121,4
U0118,I0073,5
U0118,I0047,6
U0118,I0114,7
U0118,I0076,8
U0118,I0109,9
U0118,I0004,10
U0119,I0039,1
U0119,I0154,2
U0119,I0066,3
U0119,I0111,4
U0119,I0088,5
U0119,I0136,6
U0119,I0177,7
U0119,I0034,8
U0119,I0012,9
U0119,I0028,10
U0120,I0036,1
U0120,I0069,2
U0120,I0127,3
U0120,I0104,4
U0120,I0138,5
U0120,I0045,6
U0120,I0150,7
U0120,I0117,8
U0120,I0040,9
U0120,I0056,10
U0121,I0164,1
U0121,I0065,2
U0121,I0044,3
U0121,I0027,4
U0121,I0163,5
U0121,I0068,6
U0121,I0022,7
U0121,I0153,8
U0121,I0017,9
U0121,I0028,10
U0122,I0166,1
U0122,I0105,2
U0122,I0028,3
U0122,I0042,4
U0122,I0101,5
U0122,I0173,6
U0122,I0128,7
U0122,I0089,8
U0122,I0107,9
U0122,I0135,10
U0123,I0069,1
U0123,I0127,2
U0123,I0104,3
U0123,I0036,4
U0123,I0147,5
U0123,I0150,6
U0123,I0056,7
U0123,I0045,8
U0123,I0120,9
U0123,I0111,10
U0124,I0151,1
U0124,I0125,2
U0124,I0146,3
U0124,I0179,4
U0124,I0035,5
U0124,I0067,6
U0124,I0048,7
U0124,I0091,8
U0124,I0005,9
U0124,I0079,10
U0125,I0116,1
U0125,I0021,2
U0125,I0057,3
U0125,I0034,4
U0125,I0079,5
U0125,I0158,6
U0125,I0113,7
U0125,I0017,8
U0125,I0115,9
U0125,I0180,10
U0126,I0010,1
U0126,I0100,2
U0126,I0172,3
U0126,I0018,4
U0126,I0118,5
U0126,I0157,6
U0126,I0133,7
U0126,I0041,8
U0126,I0171,9
U0126,I0058,10
U0127,I0088,1
U0127,I0066,2
U0127,I0111,3
U0127,I0152,4
U0127,I0167,5
U0127,I0039,6
U0127,I0077,7
U0127,I0143,8
U0127,I0154,9
U0127,I0090,10
U0128,I0017,1
U0128,I0126,2
U0128,I0057,3
U0128,I0116,4
U0128,I0158,5
U0128,I0034,6
U0128,I0180,7
U0128,I0134,8
U0128,I0021,9
U0128,I0113,10
U0129,I0136,1
U0129,I0077,2
U0129,I0096,3
U0129,I0039,4
U0129,I0154,5
U0129,I0088,6
U0129,I0174,7
U0129,I0150,8
U0129,I0152,9
U0129,I0090,10
U0130,I0018,1
U0130,I0120,2
U0130,I0100,3
U0130,I0157,4
U0130,I0010,5
U0130,I0172,6
U0130,I0171,7
U0130,I0178,8
U0130,I0001,9
U0130,I0041,10
U0131,I0123,1
U0131,I0162,2
U0131,I0137,3
U0131,I0099,4
U0131,I0040,5
U0131,I0065,6
U0131,I0003,7
U0131,I0044,8
U0131,I0144,9
U0131,I0026,10
U0132,I0177,1
U0132,I0013,2
U0132,I0174,3
U0132,I0059,4
U0132,I0080,5
U0132,I0043,6
U0132,I0122,7
U0132,I0075,8
U0132,I0015,9
U0132,I0062,10
U0133,I0133,1
U0133,I0171,2
U0133,I0010,3
U0133,I0087,4
U0133,I0172,5
U0133,I0100,6
U0133,I0033,7
U0133,I0074,8
U0133,I0157,9
U0133,I0058,10
U0134,I0066,1
U0134,I0039,2
U0134,I0111,3
U0134,I0141,4
U0134,I0136,5
U0134,I0152,6
U0134,I0167,7
U0134,I0091,8
U0134,I0143,9
U0134,I0117,10
U0135,I0052,1
U0135,I0097,2
U0135,I0009,3
U0135,I0078,4
U0135,I0148,5
U0135,I0032,6
U0135,I0023,7
U0135,I0051,8
U0135,I0021,9
U0135,I0111,10
U0136,I0040,1
U0136,I0162,2
U0136,I0137,3
U0136,I0123,4
U0136,I0130,5
U0136,I0105,6
U0136,I0003,7
U0136,I0085,8
U0136,I0109,9
U0136,I0151,10
U0137,I0110,1
U0137,I0175,2
U0137,I0177,3
U0137,I0043,4
U0137,I0080,5
U0137,I0174,6
U0137,I0062,7
U0137,I0060,8
U0137,I0075,9
U0137,I0049,10
U0138,I0015,1
U0138,I0059,2
U0138,I0008,3
U0138,I0174,4
U0138,I0060,5
U0138,I0080,6
U0138,I0177,7
U0138,I0043,8
U0138,I0062,9
U0138,I0175,10
U0139,I0145,1
U0139,I0046,2
U0139,I0012,3
U0139,I0024,4
U0139,I0064,5
U0139,I0161,6
U0139,I0141,7
U0139,I0081,8
U0139,I0030,9
U0139,I0110,10
U0140,I0016,1
U0140,I0025,2
U0140,I0166,3
U0140,I0105,4
U0140,I0101,5
U0140,I0050,6
U0140,I0107,7
U0140,I0084,8
U0140,I0014,9
U0140,I0092,10
U0141,I0066,1
U0141,I0096,2
U0141,I0154,3
U0141,I0143,4
U0141,I0167,5
U0141,I0173,6
U0141,I0107,7
U0141,I0090,8
U0141,I0094,9
U0141,I0177,10
U0142,I0133,1
U0142,I0010,2
U0142,I0157,3
U0142,I0018,4
U0142,I0033,5
U0142,I0074,6
U0142,I0041,7
U0142,I0120,8
U0142,I0001,9
U0142,I0171,10
U0143,I0003,1
U0143,I0123,2
U0143,I0040,3
U0143,I0162,4
U0143,I0085,5
U0143,I0130,6
U0143,I0108,7
U0143,I0137,8
U0143,I0002,9
U0143,I0111,10
U0144,I0006,1
U0144,I0037,2
U0144,I0067,3
U0144,I0048,4
U0144,I0022,5
U0144,I0150,6
U0144,I0007,7
U0144,I0060,8
U0144,I0011,9
U0144,I0070,10
U0145,I0141,1
U0145,I0145,2
U0145,I0046,3
U0145,I0153,4
U0145,I0161,5
U0145,I0061,6
U0145,I0081,7
U0145,I0092,8
U0145,I0096,9
U0145,I0050,10
U0146,I0023,1
U0146,I0097,2
U0146,I0102,3
U0146,I0168,4
U0146,I0078,5
U0146,I0032,6
U0146,I0009,7
U0146,I0148,8
U0146,I0022,9
U0146,I0157,10
U0147,I0102,1
U0147,I0052,2
U0147,I0168,3
U0147,I0142,4
U0147,I0078,5
U0147,I0097,6
U0147,I0032,7
U0147,I0148,8
U0147,I0009,9
U0147,I0072,10
U0148,I0069,1
U0148,I0170,2
U0148,I0117,3
U0148,I0150,4
U0148,I0138,5
U0148,I0056,6
U0148,I0040,7
U0148,I0007,8
U0148,I0156,9
U0148,I0060,10
U0149,I0133,1
U0149,I0010,2
U0149,I0018,3
U0149,I0100,4
U0149,I0172,5
U0149,I0041,6
U0149,I0171,7
U0149,I0157,8
U0149,I0087,9
U0149,I0033,10
U0150,I0113,1
U0150,I0034,2
U0150,I0180,3
U0150,I0116,4
U0150,I0011,5
U0150,I0159,6
U0150,I0057,7
U0150,I0029,8
U0150,I0021,9
U0150,I0079,10
U0151,I0029,1
U0151,I0017,2
U0151,I0126,3
U0151,I0034,4
U0151,I0158,5
U0151,I0180,6
U0151,I0011,7
U0151,I0159,8
U0151,I0115,9
U0151,I0113,10
U0152,I0094,1
U0152,I0065,2
U0152,I0164,3
U0152,I0027,4
U0152,I0022,5
U0152,I0144,6
U0152,I0044,7
U0152,I0068,8
U0152,I0139,9
U0152,I0002,10
U0153,I0111,1
U0153,I0066,2
U0153,I0039,3
U0153,I0167,4
U0153,I0077,5
U0153,I0136,6
U0153,I0054,7
U0153,I0168,8
U0153,I0154,9
U0153,I0075,10
U0154,I0084,1
U0154,I0089,2
U0154,I0090,3
U0154,I0092,4
U0154,I0105,5
U0154,I0149,6
U0154,I0016,7
U0154,I0014,8
U0154,I0107,9
U0154,I0128,10
U0155,I0005,1
U0155,I0020,2
U0155,I0054,3
U0155,I0114,4
U0155,I0055,5
U0155,I0091,6
U0155,I0140,7
U0155,I0155,8
U0155,I0073,9
U0155,I0165,10
U0156,I0025,1
U0156,I0050,2
U0156,I0112,3
U0156,I0135,4
U0156,I0101,5
U0156,I0089,6
U0156,I0028,7
U0156,I0090,8
U0156,I0092,9
U0156,I0149,10
U0157,I0046,1
U0157,I0024,2
U0157,I0064,3
U0157,I0012,4
U0157,I0145,5
U0157,I0061,6
U0157,I0161,7
U0157,I0154,8
U0157,I0025,9
U0157,I0060,10
U0158,I0136,1
U0158,I0077,2
U0158,I0039,3
U0158,I0152,4
U0158,I0096,5
U0158,I0028,6
U0158,I0141,7
U0158,I0060,8
U0158,I0109,9
U0158,I0146,10
U0159,I0052,1
U0159,I0023,2
U0159,I0168,3
U0159,I0148,4
U0159,I0119,5
U0159,I0032,6
U0159,I0078,7
U0159,I0060,8
U0159,I0091,9
U0159,I0022,10
U0160,I0046,1
U0160,I0141,2
U0160,I0024,3
U0160,I0061,4
U0160,I0012,5
U0160,I0153,6
U0160,I0161,7
U0160,I0145,8
U0160,I0060,9
U0160,I0096,10
U0161,I0099,1
U0161,I0137,2
U0161,I0123,3
U0161,I0026,4
U0161,I0003,5
U0161,I0156,6
U0161,I0040,7
U0161,I0162,8
U0161,I0092,9
U0161,I0016,10
U0162,I0066,1
U0162,I0111,2
U0162,I0096,3
U0162,I0167,4
U0162,I0152,5
U0162,I0154,6
U0162,I0136,7
U0162,I0088,8
U0162,I0168,9
U0162,I0054,10
U0163,I0156,1
U0163,I0123,2
U0163,I0003,3
U0163,I0137,4
U0163,I0162,5
U0163,I0026,6
U0163,I0099,7
U0163,I0105,8
U0163,I0085,9
U0163,I0147,10
U0164,I0057,1
U0164,I0129,2
U0164,I0115,3
U0164,I0017,4
U0164,I0132,5
U0164,I0011,6
U0164,I0131,7
U0164,I0073,8
U0164,I0138,9
U0164,I0023,10
U0165,I0067,1
U0165,I0146,2
U0165,I0151,3
U0165,I0179,4
U0165,I0037,5
U0165,I0095,6
U0165,I0035,7
U0165,I0019,8
U0165,I0125,9
U0165,I0177,10
U0166,I0066,1
U0166,I0077,2
U0166,I0152,3
U0166,I0039,4
U0166,I0154,5
U0166,I0096,6
U0166,I0167,7
U0166,I0143,8
U0166,I0090,9
U0166,I0003,10
U0167,I0145,1
U0167,I0046,2
U0167,I0153,3
U0167,I0012,4
U0167,I0024,5
U0167,I0161,6
U0167,I0064,7
U0167,I0081,8
U0167,I0141,9
U0167,I0030,10
U0168,I0046,1
U0168,I0141,2
U0168,I0024,3
U0168,I0061,4
U0168,I0012,5
U0168,I0153,6
U0168,I0161,7
U0168,I0145,8
U0168,I0060,9
U0168,I0055,10
U0169,I0072,1
U0169,I0023,2
U0169,I0148,3
U0169,I0142,4
U0169,I0078,5
U0169,I0051,6
U0169,I0021,7
U0169,I0089,8
U0169,I0111,9
U0169,I0084,10
U0170,I0133,1
U0170,I0100,2
U0170,I0010,3
U0170,I0018,4
U0170,I0157,5
U0170,I0041,6
U0170,I0033,7
U0170,I0120,8
U0170,I0001,9
U0170,I0172,10
U0171,I0029,1
U0171,I0057,2
U0171,I0180,3
U0171,I0158,4
U0171,I0034,5
U0171,I0079,6
U0171,I0134,7
U0171,I0021,8
U0171,I0113,9
U0171,I0159,10
U0172,I0150,1
U0172,I0069,2
U0172,I0117,3
U0172,I0045,4
U0172,I0127,5
U0172,I0138,6
U0172,I0080,7
U0172,I0170,8
U0172,I0036,9
U0172,I0059,10
U0173,I0088,1
U0173,I0066,2
U0173,I0152,3
U0173,I0039,4
U0173,I0167,5
U0173,I0143,6
U0173,I0096,7
U0173,I0090,8
U0173,I0103,9
U0173,I0141,10
U0174,I0076,1
U0174,I0073,2
U0174,I0091,3
U0174,I0070,4
U0174,I0047,5
U0174,I0004,6
U0174,I0055,7
U0174,I0140,8
U0174,I0176,9
U0174,I0054,10
U0175,I0046,1
U0175,I0141,2
U0175,I0024,3
U0175,I0061,4
U0175,I0012,5
U0175,I0153,6
U0175,I0145,7
U0175,I0060,8
U0175,I0096,9
U0175,I0018,10
U0176,I0141,1
U0176,I0046,2
U0176,I0061,3
U0176,I0145,4
U0176,I0064,5
U0176,I0161,6
U0176,I0153,7
U0176,I0092,8
U0176,I0096,9
U0176,I0025,10
U0177,I0010,1
U0177,I0120,2
U0177,I0157,3
U0177,I0001,4
U0177,I0033,5
U0177,I0100,6
U0177,I0087,7
U0177,I0172,8
U0177,I0171,9
U0177,I0178,10
U0178,I0146,1
U0178,I0006,2
U0178,I0151,3
U0178,I0019,4
U0178,I0095,5
U0178,I0037,6
U0178,I0177,7
U0178,I0093,8
U0178,I0125,9
U0178,I0030,10
U0179,I0157,1
U0179,I0172,2
U0179,I0100,3
U0179,I0087,4
U0179,I0041,5
U0179,I0120,6
U0179,I0118,7
U0179,I0007,8
U0179,I0058,9
U0179,I0178,10
U0180,I0080,1
U0180,I0086,2
U0180,I0060,3
U0180,I0177,4
U0180,I0059,5
U0180,I0013,6
U0180,I0075,7
U0180,I0175,8
U0180,I0015,9
U0180,I0174,10
U0181,I0146,1
U0181,I0151,2
U0181,I0179,3
U0181,I0006,4
U0181,I0095,5
U0181,I0177,6
U0181,I0125,7
U0181,I0093,8
U0181,I0037,9
U0181,I0019,10
U0182,I0146,1
U0182,I0019,2
U0182,I0035,3
U0182,I0006,4
U0182,I0095,5
U0182,I0037,6
U0182,I0093,7
U0182,I0125,8
U0182,I0177,9
U0182,I0030,10
U0183,I0102,1
U0183,I0078,2
U0183,I0032,3
U0183,I0097,4
U0183,I0052,5
U0183,I0023,6
U0183,I0072,7
U0183,I0142,8
U0183,I0119,9
U0183,I0168,10
U0184,I0095,1
U0184,I0151,2
U0184,I0035,3
U0184,I0006,4
U0184,I0019,5
U0184,I0037,6
U0184,I0048,7
U0184,I0093,8
U0184,I0067,9
U0184,I0022,10
U0185,I0133,1
U0185,I0157,2
U0185,I0018,3
U0185,I0033,4
U0185,I0074,5
U0185,I0041,6
U0185,I0120,7
U0185,I0172,8
U0185,I0001,9
U0185,I0007,10
U0186,I0079,1
U0186,I0116,2
U0186,I0017,3
U0186,I0158,4
U0186,I0034,5
U0186,I0115,6
U0186,I0113,7
U0186,I0131,8
U0186,I0021,9
U0186,I0134,10
U0187,I0114,1
U0187,I0091,2
U0187,I0165,3
U0187,I0073,4
U0187,I0020,5
U0187,I0054,6
U0187,I0109,7
U0187,I0047,8
U0187,I0076,9
U0187,I0070,10
U0188,I0077,1
U0188,I0136,2
U0188,I0088,3
U0188,I0039,4
U0188,I0111,5
U0188,I0096,6
U0188,I0143,7
U0188,I0152,8
U0188,I0066,9
U0188,I0141,10
U0189,I0117,1
U0189,I0127,2
U0189,I0104,3
U0189,I0170,4
U0189,I0036,5
U0189,I0060,6
U0189,I0045,7
U0189,I0147,8
U0189,I0059,9
U0189,I0138,10
U0190,I0101,1
U0190,I0105,2
U0190,I0160,3
U0190,I0135,4
U0190,I0025,5
U0190,I0028,6
U0190,I0050,7
U0190,I0071,8
U0190,I0103,9
U0190,I0090,10
U0191,I0164,1
U0191,I0169,2
U0191,I0094,3
U0191,I0044,4
U0191,I0063,5
U0191,I0163,6
U0191,I0139,7
U0191,I0027,8
U0191,I0068,9
U0191,I0022,10
U0192,I0162,1
U0192,I0137,2
U0192,I0123,3
U0192,I0130,4
U0192,I0003,5
U0192,I0099,6
U0192,I0105,7
U0192,I0026,8
U0192,I0108,9
U0192,I0085,10
U0193,I0063,1
U0193,I0094,2
U0193,I0164,3
U0193,I0065,4
U0193,I0027,5
U0193,I0144,6
U0193,I0139,7
U0193,I0053,8
U0193,I0169,9
U0193,I0125,10
U0194,I0094,1
U0194,I0044,2
U0194,I0068,3
U0194,I0169,4
U0194,I0053,5
U0194,I0125,6
U0194,I0025,7
U0194,I0108,8
U0194,I0092,9
U0194,I0016,10
U0195,I0151,1
U0195,I0095,2
U0195,I0146,3
U0195,I0093,4
U0195,I0037,5
U0195,I0125,6
U0195,I0067,7
U0195,I0035,8
U0195,I0048,9
U0195,I0065,10
U0196,I0171,1
U0196,I0010,2
U0196,I0033,3
U0196,I0157,4
U0196,I0018,5
U0196,I0100,6
U0196,I0118,7
U0196,I0001,8
U0196,I0074,9
U0196,I0133,10
U0197,I0080,1
U0197,I0043,2
U0197,I0075,3
U0197,I0110,4
U0197,I0062,5
U0197,I0008,6
U0197,I0078,7
U0197,I0175,8
U0197,I0049,9
U0197,I0015,10
U0198,I0015,1
U0198,I0049,2
U0198,I0080,3
U0198,I0075,4
U0198,I0060,5
U0198,I0062,6
U0198,I0177,7
U0198,I0043,8
U0198,I0174,9
U0198,I0175,10
U0199,I0094,1
U0199,I0027,2
U0199,I0164,3
U0199,I0163,4
U0199,I0065,5
U0199,I0144,6
U0199,I0068,7
U0199,I0063,8
U0199,I0053,9
U0199,I0169,10
U0200,I0111,1
U0200,I0066,2
U0200,I0039,3
U0200,I0077,4
U0200,I0136,5
U0200,I0028,6
U0200,I0154,7
U0200,I0096,8
U0200,I0054,9
U0200,I0168,10
U0201,I0104,1
U0201,I0150,2
U0201,I0045,3
U0201,I0033,4
U0201,I0007,5
U0201,I0158,6
U0201,I0048,7
U0201,I0060,8
U0201,I0178,9
U0201,I0090,10
U0202,I0046,1
U0202,I0024,2
U0202,I0161,3
U0202,I0081,4
U0202,I0169,5
U0202,I0054,6
U0202,I0096,7
U0202,I0092,8
U0202,I0040,9
U0202,I0154,10
U0203,I0046,1
U0203,I0141,2
U0203,I0024,3
U0203,I0061,4
U0203,I0012,5
U0203,I0153,6
U0203,I0161,7
U0203,I0145,8
U0203,I0060,9
U0203,I0096,10
U0204,I0148,1
U0204,I0032,2
U0204,I0052,3
U0204,I0078,4
U0204,I0097,5
U0204,I0072,6
U0204,I0023,7
U0204,I0168,8
U0204,I0119,9
U0204,I0142,10
U0205,I0147,1
U0205,I0170,2
U0205,I0117,3
U0205,I0150,4
U0205,I0138,5
U0205,I0045,6
U0205,I0104,7
U0205,I0120,8
U0205,I0007,9
U0205,I0172,10
U0206,I0133,1
U0206,I0010,2
U0206,I0171,3
U0206,I0172,4
U0206,I0087,5
U0206,I0100,6
U0206,I0007,7
U0206,I0157,8
U0206,I0074,9
U0206,I0058,10
U0207,I0138,1
U0207,I0056,2
U0207,I0147,3
U0207,I0170,4
U0207,I0069,5
U0207,I0036,6
U0207,I0150,7
U0207,I0127,8
U0207,I0028,9
U0207,I0080,10
U0208,I0106,1
U0208,I0016,2
U0208,I0103,3
U0208,I0101,4
U0208,I0025,5
U0208,I0149,6
U0208,I0105,7
U0208,I0112,8
U0208,I0050,9
U0208,I0128,10
U0209,I0151,1
U0209,I0179,2
U0209,I0037,3
U0209,I0095,4
U0209,I0125,5
U0209,I0019,6
U0209,I0093,7
U0209,I0006,8
U0209,I0177,9
U0209,I0080,10
U0210,I0100,1
U0210,I0018,2
U0210,I0157,3
U0210,I0007,4
U0210,I0118,5
U0210,I0171,6
U0210,I0133,7
U0210,I0178,8
U0210,I0058,9
U0210,I0083,10
U0211,I0086,1
U0211,I0110,2
U0211,I0174,3
U0211,I0080,4
U0211,I0049,5
U0211,I0062,6
U0211,I0013,7
U0211,I0177,8
U0211,I0008,9
U0211,I0090,10
U0212,I0023,1
U0212,I0072,2
U0212,I0102,3
U0212,I0009,4
U0212,I0168,5
U0212,I0148,6
U0212,I0078,7
U0212,I0032,8
U0212,I0010,9
U0212,I0157,10
U0213,I0164,1
U0213,I0169,2
U0213,I0044,3
U0213,I0163,4
U0213,I0063,5
U0213,I0027,6
U0213,I0022,7
U0213,I0068,8
U0213,I0094,9
U0213,I0002,10
U0214,I0123,1
U0214,I0137,2
U0214,I0099,3
U0214,I0162,4
U0214,I0130,5
U0214,I0156,6
U0214,I0085,7
U0214,I0108,8
U0214,I0060,9
U0214,I0046,10
U0215,I0177,1
U0215,I0059,2
U0215,I0060,3
U0215,I0015,4
U0215,I0174,5
U0215,I0013,6
U0215,I0098,7
U0215,I0090,8
U0215,I0173,9
U0215,I0162,10
U0216,I0146,1
U0216,I0179,2
U0216,I0093,3
U0216,I0125,4
U0216,I0035,5
U0216,I0067,6
U0216,I0007,7
U0216,I0040,8
U0216,I0079,9
U0216,I0156,10
U0217,I0127,1
U0217,I0104,2
U0217,I0036,3
U0217,I0117,4
U0217,I0147,5
U0217,I0056,6
U0217,I0150,7
U0217,I0045,8
U0217,I0120,9
U0217,I0158,10
U0218,I0052,1
U0218,I0072,2
U0218,I0097,3
U0218,I0102,4
U0218,I0078,5
U0218,I0119,6
U0218,I0148,7
U0218,I0032,8
U0218,I0009,9
U0218,I0113,10
U0219,I0066,1
U0219,I0039,2
U0219,I0077,3
U0219,I0136,4
U0219,I0167,5
U0219,I0088,6
U0219,I0096,7
U0219,I0154,8
U0219,I0152,9
U0219,I0047,10
U0220,I0111,1
U0220,I0066,2
U0220,I0039,3
U0220,I0167,4
U0220,I0077,5
U0220,I0136,6
U0220,I0168,7
U0220,I0054,8
U0220,I0154,9
U0220,I0075,10
U0221,I0012,1
U0221,I0145,2
U0221,I0153,3
U0221,I0061,4
U0221,I0081,5
U0221,I0092,6
U0221,I0096,7
U0221,I0090,8
U0221,I0050,9
U0221,I0142,10
U0222,I0025,1
U0222,I0016,2
U0222,I0128,3
U0222,I0106,4
U0222,I0173,5
U0222,I0028,6
U0222,I0166,7
U0222,I0112,8
U0222,I0050,9
U0222,I0149,10
U0223,I0136,1
U0223,I0039,2
U0223,I0088,3
U0223,I0066,4
U0223,I0143,5
U0223,I0096,6
U0223,I0154,7
U0223,I0152,8
U0223,I0028,9
U0223,I0060,10
U0224,I0046,1
U0224,I0064,2
U0224,I0161,3
U0224,I0092,4
U0224,I0096,5
U0224,I0025,6
U0224,I0050,7
U0224,I0030,8
U0224,I0090,9
U0224,I0015,10
U0225,I0005,1
U0225,I0020,2
U0225,I0004,3
U0225,I0054,4
U0225,I0091,5
U0225,I0073,6
U0225,I0030,7
U0225,I0140,8
U0225,I0055,9
U0225,I0176,10
U0226,I0034,1
U0226,I0180,2
U0226,I0116,3
U0226,I0159,4
U0226,I0134,5
U0226,I0132,6
U0226,I0017,7
U0226,I0011,8
U0226,I0021,9
U0226,I0131,10
U0227,I0020,1
U0227,I0047,2
U0227,I0109,3
U0227,I0005,4
U0227,I0176,5
U0227,I0091,6
U0227,I0073,7
U0227,I0114,8
U0227,I0055,9
U0227,I0121,10
U0228,I0120,1
U0228,I0118,2
U0228,I0087,3
U0228,I0172,4
U0228,I0007,5
U0228,I0041,6
U0228,I0018,7
U0228,I0074,8
U0228,I0157,9
U0228,I0010,10
U0229,I0046,1
U0229,I0145,2
U0229,I0141,3
U0229,I0012,4
U0229,I0153,5
U0229,I0161,6
U0229,I0064,7
U0229,I0060,8
U0229,I0096,9
U0229,I0123,10
U0230,I0036,1
U0230,I0056,2
U0230,I0117,3
U0230,I0104,4
U0230,I0138,5
U0230,I0045,6
U0230,I0102,7
U0230,I0059,8
U0230,I0113,9
U0230,I0167,10
U0231,I0052,1
U0231,I0078,2
U0231,I0097,3
U0231,I0072,4
U0231,I0023,5
U0231,I0142,6
U0231,I0060,7
U0231,I0030,8
U0231,I0089,9
U0231,I0160,10
U0232,I0097,1
U0232,I0072,2
U0232,I0009,3
U0232,I0142,4
U0232,I0023,5
U0232,I0148,6
U0232,I0032,7
U0232,I0051,8
U0232,I0166,9
U0232,I0107,10
U0233,I0111,1
U0233,I0066,2
U0233,I0039,3
U0233,I0167,4
U0233,I0077,5
U0233,I0136,6
U0233,I0102,7
U0233,I0154,8
U0233,I0054,9
U0233,I0072,10
U0234,I0172,1
U0234,I0171,2
U0234,I0133,3
U0234,I0087,4
U0234,I0041,5
U0234,I0010,6
U0234,I0100,7
U0234,I0074,8
U0234,I0120,9
U0234,I0058,10
U0235,I0060,1
U0235,I0056,2
U0235,I0147,3
U0235,I0117,4
U0235,I0170,5
U0235,I0069,6
U0235,I0036,7
U0235,I0127,8
U0235,I0150,9
U0235,I0028,10
U0236,I0043,1
U0236,I0110,2
U0236,I0062,3
U0236,I0060,4
U0236,I0059,5
U0236,I0080,6
U0236,I0086,7
U0236,I0013,8
U0236,I0075,9
U0236,I0015,10
U0237,I0145,1
U0237,I0046,2
U0237,I0061,3
U0237,I0161,4
U0237,I0153,5
U0237,I0081,6
U0237,I0096,7
U0237,I0025,8
U0237,I0106,9
U0237,I0060,10
U0238,I0018,1
U0238,I0157,2
U0238,I0120,3
U0238,I0074,4
U0238,I0087,5
U0238,I0172,6
U0238,I0007,7
U0238,I0171,8
U0238,I0001,9
U0238,I0178,10
U0239,I0039,1
U0239,I0077,2
U0239,I0088,3
U0239,I0154,4
U0239,I0066,5
U0239,I0111,6
U0239,I0167,7
U0239,I0136,8
U0239,I0012,9
U0239,I0086,10
U0240,I0116,1
U0240,I0021,2
U0240,I0113,3
U0240,I0029,4
U0240,I0017,5
U0240,I0129,6
U0240,I0158,7
U0240,I0011,8
U0240,I0180,9
U0240,I0132,10
U0241,I0064,1
U0241,I0024,2
U0241,I0145,3
U0241,I0061,4
U0241,I0153,5
U0241,I0096,6
U0241,I0092,7
U0241,I0154,8
U0241,I0025,9
U0241,I0077,10
U0242,I0060,1
U0242,I0043,2
U0242,I0015,3
U0242,I0177,4
U0242,I0049,5
U0242,I0008,6
U0242,I0122,7
U0242,I0062,8
U0242,I0098,9
U0242,I0086,10
U0243,I0105,1
U0243,I0025,2
U0243,I0084,3
U0243,I0135,4
U0243,I0050,5
U0243,I0112,6
U0243,I0101,7
U0243,I0107,8
U0243,I0089,9
U0243,I0028,10
U0244,I0116,1
U0244,I0057,2
U0244,I0034,3
U0244,I0113,4
U0244,I0180,5
U0244,I0079,6
U0244,I0115,7
U0244,I0011,8
U0244,I0158,9
U0244,I0017,10
U0245,I0004,1
U0245,I0140,2
U0245,I0114,3
U0245,I0076,4
U0245,I0005,5
U0245,I0020,6
U0245,I0054,7
U0245,I0073,8
U0245,I0030,9
U0245,I0082,10
U0246,I0102,1
U0246,I0078,2
U0246,I0009,3
U0246,I0032,4
U0246,I0119,5
U0246,I0148,6
U0246,I0022,7
U0246,I0108,8
U0246,I0091,9
U0246,I0174,10
U0247,I0093,1
U0247,I0146,2
U0247,I0095,3
U0247,I0037,4
U0247,I0019,5
U0247,I0151,6
U0247,I0067,7
U0247,I0035,8
U0247,I0022,9
U0247,I0005,10
U0248,I0025,1
U0248,I0166,2
U0248,I0160,3
U0248,I0071,4
U0248,I0092,5
U0248,I0135,6
U0248,I0101,7
U0248,I0016,8
U0248,I0050,9
U0248,I0107,10
U0249,I0127,1
U0249,I0069,2
U0249,I0045,3
U0249,I0117,4
U0249,I0138,5
U0249,I0150,6
U0249,I0056,7
U0249,I0040,8
U0249,I0007,9
U0249,I0094,10
U0250,I0059,1
U0250,I0008,2
U0250,I0049,3
U0250,I0177,4
U0250,I0062,5
U0250,I0043,6
U0250,I0174,7
U0250,I0175,8
U0250,I0080,9
U0250,I0060,10
U0251,I0133,1
U0251,I0010,2
U0251,I0157,3
U0251,I0041,4
U0251,I0018,5
U0251,I0100,6
U0251,I0120,7
U0251,I0001,8
U0251,I0172,9
U0251,I0087,10
U0252,I0110,1
U0252,I0059,2
U0252,I0049,3
U0252,I0080,4
U0252,I0075,5
U0252,I0015,6
U0252,I0060,7
U0252,I0122,8
U0252,I0177,9
U0252,I0008,10
U0253,I0105,1
U0253,I0135,2
U0253,I0071,3
U0253,I0025,4
U0253,I0107,5
U0253,I0166,6
U0253,I0028,7
U0253,I0128,8
U0253,I0106,9
U0253,I0014,10
U0254,I0157,1
U0254,I0171,2
U0254,I0087,3
U0254,I0100,4
U0254,I0120,5
U0254,I0010,6
U0254,I0018,7
U0254,I0033,8
U0254,I0058,9
U0254,I0118,10
U0255,I0005,1
U0255,I0054,2
U0255,I0004,3
U0255,I0176,4
U0255,I0073,5
U0255,I0091,6
U0255,I0114,7
U0255,I0076,8
U0255,I0155,9
U0255,I0030,10
U0256,I0120,1
U0256,I0018,2
U0256,I0171,3
U0256,I0087,4
U0256,I0157,5
U0256,I0010,6
U0256,I0041,7
U0256,I0033,8
U0256,I0172,9
U0256,I0133,10
U0257,I0126,1
U0257,I0116,2
U0257,I0057,3
U0257,I0113,4
U0257,I0029,5
U0257,I0180,6
U0257,I0021,7
U0257,I0079,8
U0257,I0034,9
U0257,I0158,10
U0258,I0061,1
U0258,I0145,2
U0258,I0141,3
U0258,I0024,4
U0258,I0012,5
U0258,I0169,6
U0258,I0094,7
U0258,I0040,8
U0258,I0054,9
U0258,I0156,10
U0259,I0069,1
U0259,I0127,2
U0259,I0104,3
U0259,I0036,4
U0259,I0147,5
U0259,I0059,6
U0259,I0167,7
U0259,I0138,8
U0259,I0060,9
U0259,I0125,10
U0260,I0144,1
U0260,I0027,2
U0260,I0094,3
U0260,I0164,4
U0260,I0022,5
U0260,I0169,6
U0260,I0044,7
U0260,I0139,8
U0260,I0053,9
U0260,I0016,10
U0261,I0145,1
U0261,I0061,2
U0261,I0141,3
U0261,I0064,4
U0261,I0153,5
U0261,I0024,6
U0261,I0161,7
U0261,I0096,8
U0261,I0039,9
U0261,I0077,10
U0262,I0088,1
U0262,I0111,2
U0262,I0077,3
U0262,I0039,4
U0262,I0154,5
U0262,I0152,6
U0262,I0167,7
U0262,I0143,8
U0262,I0096,9
U0262,I0141,10
U0263,I0018,1
U0263,I0171,2
U0263,I0172,3
U0263,I0087,4
U0263,I0133,5
U0263,I0041,6
U0263,I0010,7
U0263,I0074,8
U0263,I0120,9
U0263,I0058,10
U0264,I0114,1
U0264,I0091,2
U0264,I0165,3
U0264,I0109,4
U0264,I0047,5
U0264,I0005,6
U0264,I0004,7
U0264,I0076,8
U0264,I0124,9
U0264,I0020,10
U0265,I0158,1
U0265,I0159,2
U0265,I0180,3
U0265,I0057,4
U0265,I0129,5
U0265,I0134,6
U0265,I0132,7
U0265,I0011,8
U0265,I0079,9
U0265,I0017,10
U0266,I0123,1
U0266,I0162,2
U0266,I0137,3
U0266,I0099,4
U0266,I0040,5
U0266,I0003,6
U0266,I0130,7
U0266,I0026,8
U0266,I0097,9
U0266,I0060,10
U0267,I0111,1
U0267,I0066,2
U0267,I0039,3
U0267,I0077,4
U0267,I0167,5
U0267,I0136,6
U0267,I0154,7
U0267,I0152,8
U0267,I0088,9
U0267,I0054,10
U0268,I0046,1
U0268,I0064,2
U0268,I0012,3
U0268,I0024,4
U0268,I0141,5
U0268,I0161,6
U0268,I0081,7
U0268,I0169,8
U0268,I0030,9
U0268,I0054,10
U0269,I0034,1
U0269,I0029,2
U0269,I0158,3
U0269,I0113,4
U0269,I0180,5
U0269,I0017,6
U0269,I0129,7
U0269,I0132,8
U0269,I0126,9
U0269,I0115,10
U0270,I0077,1
U0270,I0088,2
U0270,I0111,3
U0270,I0096,4
U0270,I0039,5
U0270,I0141,6
U0270,I0136,7
U0270,I0167,8
U0270,I0152,9
U0270,I0091,10
U0271,I0024,1
U0271,I0064,2
U0271,I0046,3
U0271,I0145,4
U0271,I0153,5
U0271,I0061,6
U0271,I0161,7
U0271,I0154,8
U0271,I0092,9
U0271,I0096,10
U0272,I0145,1
U0272,I0046,2
U0272,I0153,3
U0272,I0012,4
U0272,I0024,5
U0272,I0141,6
U0272,I0161,7
U0272,I0064,8
U0272,I0177,9
U0272,I0110,10
U0273,I0005,1
U0273,I0020,2
U0273,I0004,3
U0273,I0091,4
U0273,I0073,5
U0273,I0155,6
U0273,I0030,7
U0273,I0176,8
U0273,I0047,9
U0273,I0076,10
U0274,I0036,1
U0274,I0127,2
U0274,I0170,3
U0274,I0045,4
U0274,I0138,5
U0274,I0150,6
U0274,I0117,7
U0274,I0056,8
U0274,I0040,9
U0274,I0156,10
U0275,I0130,1
U0275,I0137,2
U0275,I0099,3
U0275,I0003,4
U0275,I0123,5
U0275,I0040,6
U0275,I0162,7
U0275,I0156,8
U0275,I0108,9
U0275,I0016,10
U0276,I0029,1
U0276,I0057,2
U0276,I0079,3
U0276,I0113,4
U0276,I0034,5
U0276,I0158,6
U0276,I0017,7
U0276,I0134,8
U0276,I0021,9
U0276,I0132,10
U0277,I0087,1
U0277,I0018,2
U0277,I0007,3
U0277,I0157,4
U0277,I0172,5
U0277,I0001,6
U0277,I0178,7
U0277,I0120,8
U0277,I0100,9
U0277,I0041,10
U0278,I0099,1
U0278,I0162,2
U0278,I0137,3
U0278,I0003,4
U0278,I0130,5
U0278,I0026,6
U0278,I0156,7
U0278,I0060,8
U0278,I0085,9
U0278,I0097,10
U0279,I0019,1
U0279,I0146,2
U0279,I0035,3
U0279,I0179,4
U0279,I0095,5
U0279,I0125,6
U0279,I0177,7
U0279,I0030,8
U0279,I0091,9
U0279,I0005,10
U0280,I0010,1
U0280,I0157,2
U0280,I0018,3
U0280,I0172,4
U0280,I0087,5
U0280,I0041,6
U0280,I0171,7
U0280,I0074,8
U0280,I0133,9
U0280,I0083,10
U0281,I0059,1
U0281,I0075,2
U0281,I0013,3
U0281,I0043,4
U0281,I0122,5
U0281,I0062,6
U0281,I0015,7
U0281,I0060,8
U0281,I0174,9
U0281,I0008,10
U0282,I0033,1
U0282,I0087,2
U0282,I0118,3
U0282,I0041,4
U0282,I0010,5
U0282,I0007,6
U0282,I0018,7
U0282,I0171,8
U0282,I0172,9
U0282,I0133,10
U0283,I0110,1
U0283,I0174,2
U0283,I0177,3
U0283,I0080,4
U0283,I0059,5
U0283,I0122,6
U0283,I0043,7
U0283,I0060,8
U0283,I0015,9
U0283,I0075,10
U0284,I0165,1
U0284,I0076,2
U0284,I0005,3
U0284,I0055,4
U0284,I0073,5
U0284,I0020,6
U0284,I0054,7
U0284,I0004,8
U0284,I0114,9
U0284,I0140,10
U0285,I0069,1
U0285,I0147,2
U0285,I0170,3
U0285,I0117,4
U0285,I0056,5
U0285,I0138,6
U0285,I0045,7
U0285,I0104,8
U0285,I0107,9
U0285,I0150,10
U0286,I0153,1
U0286,I0141,2
U0286,I0024,3
U0286,I0096,4
U0286,I0027,5
U0286,I0144,6
U0286,I0065,7
U0286,I0177,8
U0286,I0063,9
U0286,I0030,10
U0287,I0172,1
U0287,I0120,2
U0287,I0100,3
U0287,I0087,4
U0287,I0058,5
U0287,I0010,6
U0287,I0018,7
U0287,I0157,8
U0287,I0033,9
U0287,I0178,10
U0288,I0123,1
U0288,I0162,2
U0288,I0003,3
U0288,I0040,4
U0288,I0137,5
U0288,I0099,6
U0288,I0085,7
U0288,I0130,8
U0288,I0060,9
U0288,I0097,10
U0289,I0148,1
U0289,I0032,2
U0289,I0072,3
U0289,I0023,4
U0289,I0168,5
U0289,I0119,6
U0289,I0078,7
U0289,I0142,8
U0289,I0060,9
U0289,I0030,10
U0290,I0046,1
U0290,I0141,2
U0290,I0061,3
U0290,I0012,4
U0290,I0161,5
U0290,I0153,6
U0290,I0145,7
U0290,I0060,8
U0290,I0113,9
U0290,I0064,10
U0291,I0175,1
U0291,I0110,2
U0291,I0080,3
U0291,I0013,4
U0291,I0059,5
U0291,I0122,6
U0291,I0015,7
U0291,I0174,8
U0291,I0062,9
U0291,I0043,10
U0292,I0084,1
U0292,I0028,2
U0292,I0107,3
U0292,I0089,4
U0292,I0105,5
U0292,I0050,6
U0292,I0071,7
U0292,I0016,8
U0292,I0092,9
U0292,I0135,10
U0293,I0004,1
U0293,I0020,2
U0293,I0047,3
U0293,I0114,4
U0293,I0155,5
U0293,I0005,6
U0293,I0076,7
U0293,I0070,8
U0293,I0091,9
U0293,I0082,10
U0294,I0020,1
U0294,I0030,2
U0294,I0054,3
U0294,I0070,4
U0294,I0005,5
U0294,I0047,6
U0294,I0073,7
U0294,I0109,8
U0294,I0091,9
U0294,I0114,10
U0295,I0123,1
U0295,I0003,2
U0295,I0085,3
U0295,I0156,4
U0295,I0108,5
U0295,I0040,6
U0295,I0026,7
U0295,I0016,8
U0295,I0092,9
U0295,I0011,10
U0296,I0025,1
U0296,I0028,2
U0296,I0135,3
U0296,I0166,4
U0296,I0105,5
U0296,I0050,6
U0296,I0160,7
U0296,I0101,8
U0296,I0128,9
U0296,I0084,10
U0297,I0151,1
U0297,I0067,2
U0297,I0019,3
U0297,I0093,4
U0297,I0125,5
U0297,I0095,6
U0297,I0179,7
U0297,I0006,8
U0297,I0048,9
U0297,I0080,10
U0298,I0069,1
U0298,I0036,2
U0298,I0170,3
U0298,I0117,4
U0298,I0056,5
U0298,I0138,6
U0298,I0147,7
U0298,I0045,8
U0298,I0150,9
U0298,I0104,10
U0299,I0137,1
U0299,I0123,2
U0299,I0156,3
U0299,I0003,4
U0299,I0162,5
U0299,I0026,6
U0299,I0108,7
U0299,I0105,8
U0299,I0147,9
U0299,I0161,10
U0300,I0157,1
U0300,I0087,2
U0300,I0010,3
U0300,I0018,4
U0300,I0033,5
U0300,I0133,6
U0300,I0100,7
U0300,I0120,8
U0300,I0041,9
U0300,I0118,10
U0301,I0077,1
U0301,I0111,2
U0301,I0136,3
U0301,I0088,4
U0301,I0167,5
U0301,I0152,6
U0301,I0096,7
U0301,I0141,8
U0301,I0028,9
U0301,I0117,10
U0302,I0028,1
U0302,I0002,2
U0302,I0166,3
U0302,I0016,4
U0302,I0173,5
U0302,I0135,6
U0302,I0090,7
U0302,I0051,8
U0302,I0107,9
U0302,I0014,10
U0303,I0066,1
U0303,I0077,2
U0303,I0028,3
U0303,I0136,4
U0303,I0096,5
U0303,I0143,6
U0303,I0060,7
U0303,I0111,8
U0303,I0039,9
U0303,I0088,10
U0304,I0016,1
U0304,I0084,2
U0304,I0112,3
U0304,I0105,4
U0304,I0025,5
U0304,I0166,6
U0304,I0101,7
U0304,I0107,8
U0304,I0089,9
U0304,I0135,10
U0305,I0004,1
U0305,I0140,2
U0305,I0073,3
U0305,I0031,4
U0305,I0165,5
U0305,I0047,6
U0305,I0109,7
U0305,I0176,8
U0305,I0124,9
U0305,I0030,10
U0306,I0052,1
U0306,I0102,2
U0306,I0009,3
U0306,I0148,4
U0306,I0032,5
U0306,I0119,6
U0306,I0166,7
U0306,I0060,8
U0306,I0022,9
U0306,I0160,10
U0307,I0164,1
U0307,I0094,2
U0307,I0027,3
U0307,I0065,4
U0307,I0063,5
U0307,I0022,6
U0307,I0163,7
U0307,I0053,8
U0307,I0156,9
U0307,I0040,10
U0308,I0011,1
U0308,I0057,2
U0308,I0021,3
U0308,I0134,4
U0308,I0034,5
U0308,I0180,6
U0308,I0115,7
U0308,I0113,8
U0308,I0079,9
U0308,I0029,10
U0309,I0050,1
U0309,I0090,2
U0309,I0016,3
U0309,I0105,4
U0309,I0166,5
U0309,I0038,6
U0309,I0103,7
U0309,I0106,8
U0309,I0028,9
U0309,I0089,10
U0310,I0156,1
U0310,I0123,2
U0310,I0003,3
U0310,I0137,4
U0310,I0026,5
U0310,I0162,6
U0310,I0130,7
U0310,I0108,8
U0310,I0099,9
U0310,I0105,10
U0311,I0064,1
U0311,I0024,2
U0311,I0141,3
U0311,I0046,4
U0311,I0145,5
U0311,I0012,6
U0311,I0040,7
U0311,I0070,8
U0311,I0090,9
U0311,I0156,10
U0312,I0179,1
U0312,I0095,2
U0312,I0006,3
U0312,I0067,4
U0312,I0035,5
U0312,I0125,6
U0312,I0107,7
U0312,I0141,8
U0312,I0079,9
U0312,I0090,10
U0313,I0166,1
U0313,I0103,2
U0313,I0014,3
U0313,I0105,4
U0313,I0025,5
U0313,I0112,6
U0313,I0050,7
U0313,I0042,8
U0313,I0173,9
U0313,I0016,10
U0314,I0137,1
U0314,I0003,2
U0314,I0162,3
U0314,I0040,4
U0314,I0156,5
U0314,I0108,6
U0314,I0026,7
U0314,I0092,8
U0314,I0016,9
U0314,I0177,10
U0315,I0111,1
U0315,I0077,2
U0315,I0028,3
U0315,I0088,4
U0315,I0039,5
U0315,I0152,6
U0315,I0096,7
U0315,I0060,8
U0315,I0107,9
U0315,I0154,10
U0316,I0163,1
U0316,I0065,2
U0316,I0027,3
U0316,I0094,4
U0316,I0164,5
U0316,I0022,6
U0316,I0169,7
U0316,I0068,8
U0316,I0044,9
U0316,I0053,10
U0317,I0058,1
U0317,I0120,2
U0317,I0172,3
U0317,I0010,4
U0317,I0100,5
U0317,I0157,6
U0317,I0171,7
U0317,I0018,8
U0317,I0033,9
U0317,I0178,10
U0318,I0094,1
U0318,I0027,2
U0318,I0163,3
U0318,I0068,4
U0318,I0063,5
U0318,I0053,6
U0318,I0139,7
U0318,I0125,8
U0318,I0092,9
U0318,I0035,10
U0319,I0145,1
U0319,I0141,2
U0319,I0012,3
U0319,I0024,4
U0319,I0153,5
U0319,I0064,6
U0319,I0161,7
U0319,I0096,8
U0319,I0060,9
U0319,I0177,10
U0320,I0114,1
U0320,I0073,2
U0320,I0091,3
U0320,I0070,4
U0320,I0155,5
U0320,I0055,6
U0320,I0047,7
U0320,I0054,8
U0320,I0004,9
U0320,I0176,10
U0321,I0087,1
U0321,I0018,2
U0321,I0007,3
U0321,I0172,4
U0321,I0157,5
U0321,I0041,6
U0321,I0118,7
U0321,I0178,8
U0321,I0074,9
U0321,I0133,10
U0322,I0099,1
U0322,I0137,2
U0322,I0123,3
U0322,I0162,4
U0322,I0040,5
U0322,I0003,6
U0322,I0026,7
U0322,I0016,8
U0322,I0106,9
U0322,I0108,10
U0323,I0141,1
U0323,I0012,2
U0323,I0145,3
U0323,I0064,4
U0323,I0046,5
U0323,I0081,6
U0323,I0092,7
U0323,I0040,8
U0323,I0090,9
U0323,I0025,10
U0324,I0179,1
U0324,I0125,2
U0324,I0151,3
U0324,I0019,4
U0324,I0048,5
U0324,I0067,6
U0324,I0093,7
U0324,I0006,8
U0324,I0011,9
U0324,I0116,10
U0325,I0088,1
U0325,I0111,2
U0325,I0152,3
U0325,I0136,4
U0325,I0028,5
U0325,I0141,6
U0325,I0060,7
U0325,I0177,8
U0325,I0054,9
U0325,I0012,10
U0326,I0004,1
U0326,I0140,2
U0326,I0114,3
U0326,I0076,4
U0326,I0109,5
U0326,I0054,6
U0326,I0073,7
U0326,I0005,8
U0326,I0020,9
U0326,I0030,10
U0327,I0021,1
U0327,I0079,2
U0327,I0129,3
U0327,I0134,4
U0327,I0034,5
U0327,I0126,6
U0327,I0180,7
U0327,I0115,8
U0327,I0113,9
U0327,I0132,10
U0328,I0148,1
U0328,I0072,2
U0328,I0102,3
U0328,I0052,4
U0328,I0168,5
U0328,I0119,6
U0328,I0023,7
U0328,I0142,8
U0328,I0078,9
U0328,I0120,10
U0329,I0088,1
U0329,I0077,2
U0329,I0039,3
U0329,I0066,4
U0329,I0143,5
U0329,I0152,6
U0329,I0096,7
U0329,I0167,8
U0329,I0154,9
U0329,I0103,10
U0330,I0060,1
U0330,I0102,2
U0330,I0023,3
U0330,I0072,4
U0330,I0168,5
U0330,I0052,6
U0330,I0097,7
U0330,I0032,8
U0330,I0119,9
U0330,I0142,10
U0331,I0061,1
U0331,I0046,2
U0331,I0141,3
U0331,I0153,4
U0331,I0161,5
U0331,I0081,6
U0331,I0096,7
U0331,I0092,8
U0331,I0048,9
U0331,I0050,10
U0332,I0110,1
U0332,I0060,2
U0332,I0080,3
U0332,I0059,4
U0332,I0086,5
U0332,I0075,6
U0332,I0175,7
U0332,I0015,8
U0332,I0049,9
U0332,I0013,10
U0333,I0151,1
U0333,I0146,2
U0333,I0179,3
U0333,I0006,4
U0333,I0035,5
U0333,I0067,6
U0333,I0048,7
U0333,I0022,8
U0333,I0091,9
U0333,I0040,10
U0334,I0025,1
U0334,I0071,2
U0334,I0016,3
U0334,I0050,4
U0334,I0101,5
U0334,I0014,6
U0334,I0092,7
U0334,I0042,8
U0334,I0084,9
U0334,I0105,10
U0335,I0012,1
U0335,I0064,2
U0335,I0024,3
U0335,I0141,4
U0335,I0081,5
U0335,I0030,6
U0335,I0096,7
U0335,I0027,8
U0335,I0169,9
U0335,I0015,10
U0336,I0133,1
U0336,I0018,2
U0336,I0010,3
U0336,I0118,4
U0336,I0087,5
U0336,I0157,6
U0336,I0074,7
U0336,I0100,8
U0336,I0001,9
U0336,I0172,10
U0337,I0006,1
U0337,I0151,2
U0337,I0035,3
U0337,I0019,4
U0337,I0037,5
U0337,I0093,6
U0337,I0048,7
U0337,I0067,8
U0337,I0022,9
U0337,I0150,10
U0338,I0036,1
U0338,I0138,2
U0338,I0045,3
U0338,I0069,4
U0338,I0170,5
U0338,I0117,6
U0338,I0150,7
U0338,I0060,8
U0338,I0028,9
U0338,I0039,10
U0339,I0109,1
U0339,I0124,2
U0339,I0054,3
U0339,I0055,4
U0339,I0005,5
U0339,I0020,6
U0339,I0004,7
U0339,I0165,8
U0339,I0155,9
U0339,I0047,10
U0340,I0162,1
U0340,I0137,2
U0340,I0003,3
U0340,I0099,4
U0340,I0130,5
U0340,I0108,6
U0340,I0026,7
U0340,I0105,8
U0340,I0109,9
U0340,I0151,10
U0341,I0164,1
U0341,I0044,2
U0341,I0065,3
U0341,I0027,4
U0341,I0063,5
U0341,I0163,6
U0341,I0094,7
U0341,I0068,8
U0341,I0169,9
U0341,I0053,10
U0342,I0120,1
U0342,I0171,2
U0342,I0133,3
U0342,I0041,4
U0342,I0118,5
U0342,I0058,6
U0342,I0001,7
U0342,I0178,8
U0342,I0090,9
U0342,I0052,10
U0343,I0023,1
U0343,I0097,2
U0343,I0052,3
U0343,I0142,4
U0343,I0168,5
U0343,I0009,6
U0343,I0032,7
U0343,I0148,8
U0343,I0119,9
U0343,I0060,10
U0344,I0016,1
U0344,I0149,2
U0344,I0166,3
U0344,I0042,4
U0344,I0025,5
U0344,I0105,6
U0344,I0092,7
U0344,I0101,8
U0344,I0089,9
U0344,I0028,10
U0345,I0077,1
U0345,I0066,2
U0345,I0136,3
U0345,I0167,4
U0345,I0096,5
U0345,I0152,6
U0345,I0088,7
U0345,I0154,8
U0345,I0102,9
U0345,I0054,10
U0346,I0088,1
U0346,I0136,2
U0346,I0154,3
U0346,I0143,4
U0346,I0167,5
U0346,I0177,6
U0346,I0090,7
U0346,I0141,8
U0346,I0165,9
U0346,I0012,10
U0347,I0141,1
U0347,I0064,2
U0347,I0145,3
U0347,I0061,4
U0347,I0046,5
U0347,I0153,6
U0347,I0081,7
U0347,I0092,8
U0347,I0040,9
U0347,I0107,10
U0348,I0172,1
U0348,I0010,2
U0348,I0087,3
U0348,I0100,4
U0348,I0018,5
U0348,I0033,6
U0348,I0157,7
U0348,I0178,8
U0348,I0118,9
U0348,I0133,10
U0349,I0151,1
U0349,I0179,2
U0349,I0037,3
U0349,I0093,4
U0349,I0006,5
U0349,I0146,6
U0349,I0067,7
U0349,I0125,8
U0349,I0035,9
U0349,I0048,10
U0350,I0141,1
U0350,I0012,2
U0350,I0145,3
U0350,I0161,4
U0350,I0061,5
U0350,I0153,6
U0350,I0046,7
U0350,I0081,8
U0350,I0092,9
U0350,I0025,10
U0351,I0040,1
U0351,I0123,2
U0351,I0099,3
U0351,I0003,4
U0351,I0108,5
U0351,I0105,6
U0351,I0085,7
U0351,I0026,8
U0351,I0090,9
U0351,I0109,10
U0352,I0172,1
U0352,I0033,2
U0352,I0018,3
U0352,I0120,4
U0352,I0171,5
U0352,I0083,6
U0352,I0041,7
U0352,I0074,8
U0352,I0133,9
U0352,I0001,10
U0353,I0133,1
U0353,I0157,2
U0353,I0018,3
U0353,I0120,4
U0353,I0033,5
U0353,I0087,6
U0353,I0118,7
U0353,I0001,8
U0353,I0171,9
U0353,I0083,10
U0354,I0077,1
U0354,I0111,2
U0354,I0154,3
U0354,I0096,4
U0354,I0143,5
U0354,I0090,6
U0354,I0141,7
U0354,I0028,8
U0354,I0124,9
U0354,I0060,10
U0355,I0180,1
U0355,I0113,2
U0355,I0029,3
U0355,I0079,4
U0355,I0034,5
U0355,I0115,6
U0355,I0017,7
U0355,I0116,8
U0355,I0134,9
U0355,I0057,10
U0356,I0010,1
U0356,I0100,2
U0356,I0018,3
U0356,I0120,4
U0356,I0001,5
U0356,I0133,6
U0356,I0058,7
U0356,I0083,8
U0356,I0134,9
U0356,I0124,10
U0357,I0114,1
U0357,I0073,2
U0357,I0176,3
U0357,I0020,4
U0357,I0004,5
U0357,I0091,6
U0357,I0165,7
U0357,I0076,8
U0357,I0121,9
U0357,I0055,10
U0358,I0100,1
U0358,I0010,2
U0358,I0018,3
U0358,I0041,4
U0358,I0074,5
U0358,I0033,6
U0358,I0157,7
U0358,I0171,8
U0358,I0172,9
U0358,I0118,10
U0359,I0011,1
U0359,I0115,2
U0359,I0113,3
U0359,I0116,4
U0359,I0159,5
U0359,I0180,6
U0359,I0057,7
U0359,I0079,8
U0359,I0134,9
U0359,I0029,10
U0360,I0170,1
U0360,I0127,2
U0360,I0045,3
U0360,I0036,4
U0360,I0056,5
U0360,I0147,6
U0360,I0150,7
U0360,I0034,8
U0360,I0060,9
U0360,I0158,10
U0361,I0043,1
U0361,I0110,2
U0361,I0122,3
U0361,I0080,4
U0361,I0075,5
U0361,I0015,6
U0361,I0177,7
U0361,I0049,8
U0361,I0059,9
U0361,I0060,10
U0362,I0069,1
U0362,I0150,2
U0362,I0036,3
U0362,I0138,4
U0362,I0056,5
U0362,I0170,6
U0362,I0104,7
U0362,I0045,8
U0362,I0147,9
U0362,I0113,10
U0363,I0148,1
U0363,I0102,2
U0363,I0052,3
U0363,I0142,4
U0363,I0032,5
U0363,I0119,6
U0363,I0060,7
U0363,I0004,8
U0363,I0166,9
U0363,I0090,10
U0364,I0097,1
U0364,I0023,2
U0364,I0142,3
U0364,I0078,4
U0364,I0052,5
U0364,I0009,6
U0364,I0032,7
U0364,I0148,8
U0364,I0166,9
U0364,I0179,10
U0365,I0166,1
U0365,I0014,2
U0365,I0089,3
U0365,I0050,4
U0365,I0107,5
U0365,I0105,6
U0365,I0028,7
U0365,I0101,8
U0365,I0016,9
U0365,I0051,10
U0366,I0045,1
U0366,I0056,2
U0366,I0147,3
U0366,I0170,4
U0366,I0060,5
U0366,I0117,6
U0366,I0069,7
U0366,I0036,8
U0366,I0127,9
U0366,I0028,10
U0367,I0121,1
U0367,I0176,2
U0367,I0073,3
U0367,I0124,4
U0367,I0076,5
U0367,I0020,6
U0367,I0109,7
U0367,I0054,8
U0367,I0140,9
U0367,I0005,10
U0368,I0123,1
U0368,I0003,2
U0368,I0162,3
U0368,I0040,4
U0368,I0108,5
U0368,I0156,6
U0368,I0092,7
U0368,I0144,8
U0368,I0016,9
U0368,I0027,10
U0369,I0113,1
U0369,I0159,2
U0369,I0129,3
U0369,I0034,4
U0369,I0126,5
U0369,I0029,6
U0369,I0132,7
U0369,I0057,8
U0369,I0134,9
U0369,I0011,10
U0370,I0110,1
U0370,I0015,2
U0370,I0062,3
U0370,I0075,4
U0370,I0177,5
U0370,I0086,6
U0370,I0049,7
U0370,I0174,8
U0370,I0098,9
U0370,I0013,10
U0371,I0084,1
U0371,I0028,2
U0371,I0089,3
U0371,I0025,4
U0371,I0038,5
U0371,I0173,6
U0371,I0106,7
U0371,I0160,8
U0371,I0016,9
U0371,I0103,10
U0372,I0022,1
U0372,I0065,2
U0372,I0144,3
U0372,I0163,4
U0372,I0164,5
U0372,I0063,6
U0372,I0169,7
U0372,I0053,8
U0372,I0139,9
U0372,I0134,10
U0373,I0105,1
U0373,I0106,2
U0373,I0025,3
U0373,I0071,4
U0373,I0160,5
U0373,I0101,6
U0373,I0042,7
U0373,I0166,8
U0373,I0112,9
U0373,I0084,10
U0374,I0066,1
U0374,I0152,2
U0374,I0154,3
U0374,I0077,4
U0374,I0039,5
U0374,I0167,6
U0374,I0096,7
U0374,I0143,8
U0374,I0090,9
U0374,I0084,10
U0375,I0046,1
U0375,I0064,2
U0375,I0141,3
U0375,I0012,4
U0375,I0024,5
U0375,I0161,6
U0375,I0081,7
U0375,I0120,8
U0375,I0169,9
U0375,I0118,10
U0376,I0129,1
U0376,I0029,2
U0376,I0158,3
U0376,I0180,4
U0376,I0115,5
U0376,I0116,6
U0376,I0057,7
U0376,I0034,8
U0376,I0131,9
U0376,I0113,10
U0377,I0086,1
U0377,I0080,2
U0377,I0175,3
U0377,I0059,4
U0377,I0060,5
U0377,I0075,6
U0377,I0177,7
U0377,I0049,8
U0377,I0015,9
U0377,I0008,10
U0378,I0093,1
U0378,I0037,2
U0378,I0035,3
U0378,I0006,4
U0378,I0048,5
U0378,I0060,6
U0378,I0090,7
U0378,I0168,8
U0378,I0150,9
U0378,I0070,10
U0379,I0107,1
U0379,I0173,2
U0379,I0051,3
U0379,I0050,4
U0379,I0028,5
U0379,I0042,6
U0379,I0101,7
U0379,I0089,8
U0379,I0084,9
U0379,I0135,10
U0380,I0151,1
U0380,I0019,2
U0380,I0037,3
U0380,I0035,4
U0380,I0093,5
U0380,I0048,6
U0380,I0067,7
U0380,I0150,8
U0380,I0022,9
U0380,I0007,10
U0381,I0029,1
U0381,I0116,2
U0381,I0134,3
U0381,I0129,4
U0381,I0113,5
U0381,I0034,6
U0381,I0180,7
U0381,I0158,8
U0381,I0017,9
U0381,I0115,10
U0382,I0150,1
U0382,I0069,2
U0382,I0060,3
U0382,I0036,4
U0382,I0170,5
U0382,I0045,6
U0382,I0138,7
U0382,I0147,8
U0382,I0035,9
U0382,I0066,10
U0383,I0005,1
U0383,I0020,2
U0383,I0004,3
U0383,I0155,4
U0383,I0054,5
U0383,I0091,6
U0383,I0176,7
U0383,I0076,8
U0383,I0030,9
U0383,I0121,10
U0384,I0097,1
U0384,I0102,2
U0384,I0168,3
U0384,I0009,4
U0384,I0148,5
U0384,I0119,6
U0384,I0060,7
U0384,I0022,8
U0384,I0005,9
U0384,I0044,10
U0385,I0151,1
U0385,I0125,2
U0385,I0067,3
U0385,I0006,4
U0385,I0035,5
U0385,I0048,6
U0385,I0037,7
U0385,I0060,8
U0385,I0102,9
U0385,I0150,10
U0386,I0072,1
U0386,I0097,2
U0386,I0102,3
U0386,I0078,4
U0386,I0168,5
U0386,I0032,6
U0386,I0119,7
U0386,I0108,8
U0386,I0060,9
U0386,I0099,10
U0387,I0052,1
U0387,I0078,2
U0387,I0023,3
U0387,I0072,4
U0387,I0102,5
U0387,I0032,6
U0387,I0142,7
U0387,I0168,8
U0387,I0060,9
U0387,I0119,10
U0388,I0023,1
U0388,I0097,2
U0388,I0052,3
U0388,I0168,4
U0388,I0142,5
U0388,I0009,6
U0388,I0032,7
U0388,I0078,8
U0388,I0119,9
U0388,I0148,10
U0389,I0003,1
U0389,I0123,2
U0389,I0040,3
U0389,I0162,4
U0389,I0085,5
U0389,I0130,6
U0389,I0108,7
U0389,I0137,8
U0389,I0002,9
U0389,I0099,10
U0390,I0115,1
U0390,I0034,2
U0390,I0158,3
U0390,I0129,4
U0390,I0134,5
U0390,I0011,6
U0390,I0126,7
U0390,I0057,8
U0390,I0116,9
U0390,I0029,10
U0391,I0141,1
U0391,I0024,2
U0391,I0145,3
U0391,I0153,4
U0391,I0081,5
U0391,I0161,6
U0391,I0039,7
U0391,I0096,8
U0391,I0077,9
U0391,I0092,10
U0392,I0169,1
U0392,I0044,2
U0392,I0163,3
U0392,I0063,4
U0392,I0139,5
U0392,I0022,6
U0392,I0094,7
U0392,I0027,8
U0392,I0068,9
U0392,I0065,10
U0393,I0088,1
U0393,I0152,2
U0393,I0066,3
U0393,I0111,4
U0393,I0177,5
U0393,I0167,6
U0393,I0012,7
U0393,I0136,8
U0393,I0143,9
U0393,I0046,10
U0394,I0147,1
U0394,I0069,2
U0394,I0127,3
U0394,I0138,4
U0394,I0117,5
U0394,I0104,6
U0394,I0150,7
U0394,I0045,8
U0394,I0170,9
U0394,I0056,10
U0395,I0069,1
U0395,I0045,2
U0395,I0117,3
U0395,I0127,4
U0395,I0056,5
U0395,I0147,6
U0395,I0060,7
U0395,I0036,8
U0395,I0158,9
U0395,I0025,10
U0396,I0063,1
U0396,I0094,2
U0396,I0022,3
U0396,I0068,4
U0396,I0164,5
U0396,I0139,6
U0396,I0169,7
U0396,I0053,8
U0396,I0108,9
U0396,I0096,10
U0397,I0046,1
U0397,I0145,2
U0397,I0141,3
U0397,I0012,4
U0397,I0153,5
U0397,I0161,6
U0397,I0064,7
U0397,I0060,8
U0397,I0096,9
U0397,I0025,10
U0398,I0159,1
U0398,I0034,2
U0398,I0129,3
U0398,I0126,4
U0398,I0029,5
U0398,I0158,6
U0398,I0079,7
U0398,I0115,8
U0398,I0116,9
U0398,I0134,10
U0399,I0151,1
U0399,I0125,2
U0399,I0019,3
U0399,I0006,4
U0399,I0037,5
U0399,I0035,6
U0399,I0093,7
U0399,I0067,8
U0399,I0150,9
U0399,I0007,10
U0400,I0087,1
U0400,I0018,2
U0400,I0133,3
U0400,I0010,4
U0400,I0033,5
U0400,I0157,6
U0400,I0074,7
U0400,I0007,8
U0400,I0172,9
U0400,I0100,10
U0401,I0133,1
U0401,I0100,2
U0401,I0018,3
U0401,I0087,4
U0401,I0171,5
U0401,I0033,6
U0401,I0120,7
U0401,I0118,8
U0401,I0001,9
U0401,I0007,10
U0402,I0151,1
U0402,I0048,2
U0402,I0146,3
U0402,I0179,4
U0402,I0037,5
U0402,I0035,6
U0402,I0093,7
U0402,I0095,8
U0402,I0006,9
U0402,I0125,10
U0403,I0087,1
U0403,I0172,2
U0403,I0100,3
U0403,I0010,4
U0403,I0157,5
U0403,I0033,6
U0403,I0171,7
U0403,I0041,8
U0403,I0074,9
U0403,I0001,10
U0404,I0104,1
U0404,I0060,2
U0404,I0036,3
U0404,I0127,4
U0404,I0150,5
U0404,I0138,6
U0404,I0117,7
U0404,I0147,8
U0404,I0056,9
U0404,I0028,10
U0405,I0027,1
U0405,I0044,2
U0405,I0164,3
U0405,I0022,4
U0405,I0053,5
U0405,I0179,6
U0405,I0108,7
U0405,I0092,8
U0405,I0134,9
U0405,I0096,10
U0406,I0141,1
U0406,I0046,2
U0406,I0012,3
U0406,I0153,4
U0406,I0107,5
U0406,I0081,6
U0406,I0101,7
U0406,I0135,8
U0406,I0173,9
U0406,I0105,10
U0407,I0080,1
U0407,I0049,2
U0407,I0015,3
U0407,I0059,4
U0407,I0062,5
U0407,I0110,6
U0407,I0086,7
U0407,I0043,8
U0407,I0174,9
U0407,I0098,10
U0408,I0120,1
U0408,I0171,2
U0408,I0087,3
U0408,I0041,4
U0408,I0172,5
U0408,I0007,6
U0408,I0018,7
U0408,I0058,8
U0408,I0074,9
U0408,I0010,10
U0409,I0048,1
U0409,I0151,2
U0409,I0037,3
U0409,I0179,4
U0409,I0146,5
U0409,I0035,6
U0409,I0019,7
U0409,I0093,8
U0409,I0177,9
U0409,I0125,10
U0410,I0146,1
U0410,I0151,2
U0410,I0006,3
U0410,I0179,4
U0410,I0019,5
U0410,I0095,6
U0410,I0093,7
U0410,I0037,8
U0410,I0125,9
U0410,I0177,10
U0411,I0105,1
U0411,I0028,2
U0411,I0106,3
U0411,I0016,4
U0411,I0014,5
U0411,I0135,6
U0411,I0112,7
U0411,I0050,8
U0411,I0092,9
U0411,I0128,10
U0412,I0093,1
U0412,I0019,2
U0412,I0006,3
U0412,I0035,4
U0412,I0151,5
U0412,I0095,6
U0412,I0125,7
U0412,I0048,8
U0412,I0179,9
U0412,I0091,10
U0413,I0102,1
U0413,I0168,2
U0413,I0032,3
U0413,I0078,4
U0413,I0148,5
U0413,I0119,6
U0413,I0108,7
U0413,I0123,8
U0413,I0091,9
U0413,I0022,10
U0414,I0064,1
U0414,I0024,2
U0414,I0141,3
U0414,I0153,4
U0414,I0046,5
U0414,I0061,6
U0414,I0145,7
U0414,I0081,8
U0414,I0012,9
U0414,I0093,10
U0415,I0077,1
U0415,I0039,2
U0415,I0088,3
U0415,I0152,4
U0415,I0154,5
U0415,I0111,6
U0415,I0066,7
U0415,I0177,8
U0415,I0167,9
U0415,I0012,10
U0416,I0089,1
U0416,I0112,2
U0416,I0135,3
U0416,I0016,4
U0416,I0050,5
U0416,I0071,6
U0416,I0103,7
U0416,I0160,8
U0416,I0084,9
U0416,I0106,10
U0417,I0017,1
U0417,I0129,2
U0417,I0079,3
U0417,I0180,4
U0417,I0057,5
U0417,I0116,6
U0417,I0158,7
U0417,I0034,8
U0417,I0021,9
U0417,I0113,10
U0418,I0028,1
U0418,I0105,2
U0418,I0135,3
U0418,I0016,4
U0418,I0050,5
U0418,I0014,6
U0418,I0089,7
U0418,I0166,8
U0418,I0101,9
U0418,I0112,10
U0419,I0156,1
U0419,I0123,2
U0419,I0003,3
U0419,I0137,4
U0419,I0026,5
U0419,I0162,6
U0419,I0130,7
U0419,I0108,8
U0419,I0099,9
U0419,I0039,10
U0420,I0123,1
U0420,I0162,2
U0420,I0137,3
U0420,I0099,4
U0420,I0040,5
U0420,I0003,6
U0420,I0044,7
U0420,I0026,8
U0420,I0130,9
U0420,I0163,10
U0421,I0123,1
U0421,I0003,2
U0421,I0162,3
U0421,I0026,4
U0421,I0040,5
U0421,I0108,6
U0421,I0016,7
U0421,I0092,8
U0421,I0106,9
U0421,I0103,10
U0422,I0090,1
U0422,I0089,2
U0422,I0084,3
U0422,I0028,4
U0422,I0101,5
U0422,I0103,6
U0422,I0166,7
U0422,I0050,8
U0422,I0015,9
U0422,I0051,10
U0423,I0080,1
U0423,I0098,2
U0423,I0060,3
U0423,I0177,4
U0423,I0043,5
U0423,I0110,6
U0423,I0062,7
U0423,I0175,8
U0423,I0086,9
U0423,I0122,10
U0424,I0087,1
U0424,I0018,2
U0424,I0007,3
U0424,I0120,4
U0424,I0157,5
U0424,I0041,6
U0424,I0100,7
U0424,I0171,8
U0424,I0010,9
U0424,I0178,10
U0425,I0071,1
U0425,I0050,2
U0425,I0084,3
U0425,I0089,4
U0425,I0166,5
U0425,I0028,6
U0425,I0105,7
U0425,I0106,8
U0425,I0101,9
U0425,I0173,10
U0426,I0113,1
U0426,I0134,2
U0426,I0116,3
U0426,I0079,4
U0426,I0021,5
U0426,I0034,6
U0426,I0029,7
U0426,I0126,8
U0426,I0129,9
U0426,I0017,10
U0427,I0077,1
U0427,I0039,2
U0427,I0152,3
U0427,I0143,4
U0427,I0096,5
U0427,I0167,6
U0427,I0141,7
U0427,I0103,8
U0427,I0177,9
U0427,I0026,10
U0428,I0113,1
U0428,I0159,2
U0428,I0129,3
U0428,I0034,4
U0428,I0029,5
U0428,I0126,6
U0428,I0079,7
U0428,I0158,8
U0428,I0115,9
U0428,I0116,10
U0429,I0145,1
U0429,I0061,2
U0429,I0012,3
U0429,I0064,4
U0429,I0141,5
U0429,I0153,6
U0429,I0024,7
U0429,I0161,8
U0429,I0096,9
U0429,I0027,10
U0430,I0179,1
U0430,I0006,2
U0430,I0151,3
U0430,I0019,4
U0430,I0093,5
U0430,I0048,6
U0430,I0067,7
U0430,I0044,8
U0430,I0163,9
U0430,I0164,10
U0431,I0067,1
U0431,I0151,2
U0431,I0035,3
U0431,I0095,4
U0431,I0125,5
U0431,I0006,6
U0431,I0019,7
U0431,I0037,8
U0431,I0093,9
U0431,I0177,10
U0432,I0114,1
U0432,I0091,2
U0432,I0004,3
U0432,I0076,4
U0432,I0054,5
U0432,I0140,6
U0432,I0005,7
U0432,I0020,8
U0432,I0031,9
U0432,I0121,10
U0433,I0025,1
U0433,I0166,2
U0433,I0160,3
U0433,I0135,4
U0433,I0092,5
U0433,I0016,6
U0433,I0101,7
U0433,I0084,8
U0433,I0050,9
U0433,I0105,10
U0434,I0065,1
U0434,I0144,2
U0434,I0044,3
U0434,I0094,4
U0434,I0164,5
U0434,I0063,6
U0434,I0163,7
U0434,I0068,8
U0434,I0022,9
U0434,I0046,10
U0435,I0059,1
U0435,I0080,2
U0435,I0015,3
U0435,I0098,4
U0435,I0043,5
U0435,I0060,6
U0435,I0075,7
U0435,I0110,8
U0435,I0174,9
U0435,I0122,10
U0436,I0123,1
U0436,I0156,2
U0436,I0137,3
U0436,I0099,4
U0436,I0108,5
U0436,I0085,6
U0436,I0105,7
U0436,I0161,8
U0436,I0039,9
U0436,I0054,10
U0437,I0023,1
U0437,I0097,2
U0437,I0009,3
U0437,I0102,4
U0437,I0142,5
U0437,I0052,6
U0437,I0168,7
U0437,I0148,8
U0437,I0078,9
U0437,I0022,10
U0438,I0039,1
U0438,I0088,2
U0438,I0136,3
U0438,I0111,4
U0438,I0152,5
U0438,I0167,6
U0438,I0177,7
U0438,I0143,8
U0438,I0141,9
U0438,I0012,10
U0439,I0127,1
U0439,I0056,2
U0439,I0104,3
U0439,I0138,4
U0439,I0045,5
U0439,I0059,6
U0439,I0028,7
U0439,I0113,8
U0439,I0120,9
U0439,I0060,10
U0440,I0010,1
U0440,I0133,2
U0440,I0157,3
U0440,I0018,4
U0440,I0120,5
U0440,I0033,6
U0440,I0172,7
U0440,I0171,8
U0440,I0041,9
U0440,I0007,10
U0441,I0073,1
U0441,I0114,2
U0441,I0004,3
U0441,I0047,4
U0441,I0109,5
U0441,I0054,6
U0441,I0005,7
U0441,I0124,8
U0441,I0031,9
U0441,I0121,10
U0442,I0054,1
U0442,I0076,2
U0442,I0114,3
U0442,I0030,4
U0442,I0121,5
U0442,I0155,6
U0442,I0109,7
U0442,I0047,8
U0442,I0165,9
U0442,I0004,10
U0443,I0018,1
U0443,I0172,2
U0443,I0133,3
U0443,I0100,4
U0443,I0087,5
U0443,I0171,6
U0443,I0120,7
U0443,I0157,8
U0443,I0074,9
U0443,I0033,10
U0444,I0109,1
U0444,I0076,2
U0444,I0073,3
U0444,I0114,4
U0444,I0091,5
U0444,I0155,6
U0444,I0121,7
U0444,I0054,8
U0444,I0176,9
U0444,I0055,10
U0445,I0130,1
U0445,I0003,2
U0445,I0162,3
U0445,I0040,4
U0445,I0156,5
U0445,I0026,6
U0445,I0060,7
U0445,I0016,8
U0445,I0092,9
U0445,I0177,10
U0446,I0102,1
U0446,I0072,2
U0446,I0052,3
U0446,I0148,4
U0446,I0078,5
U0446,I0023,6
U0446,I0142,7
U0446,I0107,8
U0446,I0173,9
U0446,I0051,10
U0447,I0094,1
U0447,I0027,2
U0447,I0022,3
U0447,I0164,4
U0447,I0144,5
U0447,I0044,6
U0447,I0139,7
U0447,I0169,8
U0447,I0053,9
U0447,I0016,10
U0448,I0027,1
U0448,I0094,2
U0448,I0164,3
U0448,I0063,4
U0448,I0068,5
U0448,I0169,6
U0448,I0139,7
U0448,I0125,8
U0448,I0092,9
U0448,I0072,10
U0449,I0116,1
U0449,I0057,2
U0449,I0159,3
U0449,I0029,4
U0449,I0017,5
U0449,I0113,6
U0449,I0034,7
U0449,I0129,8
U0449,I0180,9
U0449,I0079,10
U0450,I0094,1
U0450,I0022,2
U0450,I0164,3
U0450,I0068,4
U0450,I0139,5
U0450,I0169,6
U0450,I0053,7
U0450,I0123,8
U0450,I0099,9
U0450,I0046,10
